ticker,current_price,managers_shown,total_value,portfolio_pct,buy_count,buying_managers,shares_bought,periods,activities,52_week_low,52_week_high,52_week_position_pct,near_52w_low,value_opportunity_score,opportunity_type,_analysis_type,_generated,_periods,_window_quarters
AXP,304.1,3,52363646000,2.38,5,"First Eagle Investment Management, Francois Rochon, Thomas Gayner",93203,"Q2 2026, Q1 2026, Q4 2025",Add 1.05%; Add 1.39%; Buy; Add 0.40%; Add 0.88%,289.26,384.36,15.604626708727684,True,52382.08553732913,Strong Accumulation,52_week_low_buys,2026-10-01,"Q2 2026, Q1 2026, Q4 2025",3
COF,193.07,5,8654828000,2.41,13,"Glenn Greenberg, Daniel Loeb, Lee Ainslie, Bill Nygren, John Rogers, +5 more",5207000,"Q4 2025, Q2 2026, Q1 2026",Add 4.57%; Add 489.29%; Add 10.91%; Add 19.60%; Add 10.95%,173.62,256.63,23.430911938320676,True,8688.484908806167,Strong Accumulation,52_week_low_buys,2026-10-01,"Q2 2026, Q1 2026, Q4 2025",3
SPGI,394.47,5,7846649000,4.28,18,"Glenn Greenberg, Bill Ackman, Valley Forge Capital Management, Christopher Bloomstran, Li Lu, +5 more",6456819,"Q2 2026, Q4 2025, Q1 2026",Buy; Add 0.18%; Add 0.33%; Add 19.04%; Add 5.37%,360.09,521.12,21.35005899521831,True,7890.513994100478,Strong Accumulation,52_week_low_buys,2026-10-01,"Q2 2026, Q1 2026, Q4 2025",3
BN,36.46,3,6435612000,6.71,5,"Stephen Mandel, Dodge & Cox Funds, Steven Check",61891222,"Q4 2025, Q2 2026, Q1 2026",Add 4.26%; Add 3.42%; Add 43.38%; Buy; Add 0.67%,36.08,49.31,2.872260015117176,True,6455.324773998488,Strong Accumulation,52_week_low_buys,2026-10-01,"Q2 2026, Q1 2026, Q4 2025",3
WM,203.92,1,6227896000,7.31,2,Mairs & Power Funds,590025,"Q2 2026, Q1 2026",Add 48.41%; Add 39724.00%,190.92,246.06,23.57635110627493,True,6239.538364889372,Value Buying,52_week_low_buys,2026-10-01,"Q2 2026, Q1 2026, Q4 2025",3
BKNG,162.91,5,5954724000,3.45,9,"First Eagle Investment Management, Bill Nygren, Francois Rochon, Pat Dorsey, Dodge & Cox Funds, +1 more",15648072,"Q2 2026, Q4 2025, Q1 2026",Buy; Add 0.48%; Add 80.37%; Add 0.78%; Add 2.40%,149.4,222.95,18.36845683208701,True,5980.887154316792,Strong Accumulation,52_week_low_buys,2026-10-01,"Q2 2026, Q1 2026, Q4 2025",3
UBER,68.51,5,4488951000,3.88,17,"Bill Ackman, David Tepper, First Pacific Advisors, Pat Dorsey, Terry Smith, +4 more",26183905,"Q2 2026, Q1 2026, Q4 2025",Add 14.58%; Add 21.50%; Add 242.31%; Add 0.69%; Add 1.74%,65.41,101.3,8.63750348286433,True,4532.087249651713,Strong Accumulation,52_week_low_buys,2026-10-01,"Q2 2026, Q1 2026, Q4 2025",3
CMCSA,21.76,5,4357701000,1.07,19,"First Eagle Investment Management, Kahn Brothers Group, David Einhorn, Bill Nygren, First Pacific Advisors, +5 more",13632725,"Q2 2026, Q1 2026, Q4 2025",Add 1.04%; Add 4.45%; Add 2.05%; Add 10.11%; Buy,21.28,32.04,4.460966542750934,True,4405.254903345725,Strong Accumulation,52_week_low_buys,2026-10-01,"Q2 2026, Q1 2026, Q4 2025",3
FISV,45.18,5,4344248000,1.19,21,"First Eagle Investment Management, Mason Hawkins, Bill Nygren, John Rogers, Hillman Capital Management, +5 more",42431969,"Q2 2026, Q1 2026, Q4 2025",Add 44.86%; Buy; Add 12.53%; Add 26.89%; Add 129.96%,44.82,129.85,0.4233799835352222,True,4396.205662001647,Strong Accumulation,52_week_low_buys,2026-10-01,"Q2 2026, Q1 2026, Q4 2025",3
AON,276.77,5,3869439000,1.56,15,"Viking Global Investors, First Pacific Advisors, Dodge & Cox Funds, Seth Klarman, Wallace Weitz, +3 more",6350144,"Q2 2026, Q1 2026, Q4 2025",Add 5.90%; Add 38.72%; Add 7.12%; Add 0.32%; Add 5.88%,269.02,381.47,6.891951978657178,True,3908.7498048021343,Strong Accumulation,52_week_low_buys,2026-10-01,"Q2 2026, Q1 2026, Q4 2025",3
GEHC,65.37,5,3811145000,1.79,13,"First Eagle Investment Management, Bill Nygren, First Pacific Advisors, Leon Cooperman, Dodge & Cox Funds, +2 more",20010545,"Q2 2026, Q1 2026, Q4 2025",Add 347.27%; Add 7.84%; Add 43.85%; Buy; Add 95.45%,58.72,89.64,21.50711513583443,True,3844.9942884864167,Strong Accumulation,52_week_low_buys,2026-10-01,"Q2 2026, Q1 2026, Q4 2025",3
CVNA,62.54,5,3722970000,17.37,10,"Viking Global Investors, Stephen Mandel, Lee Ainslie, Henry Ellenbogen, Robert Vinall, +1 more",14797455,"Q1 2026, Q2 2026, Q4 2025",Add 161.89%; Add 19.91%; Add 0.80%; Add 25.57%; Add 112.31%,54.46,97.38,18.82572227399813,True,3751.0874277726,Strong Accumulation,52_week_low_buys,2026-10-01,"Q2 2026, Q1 2026, Q4 2025",3
ROP,349.41,5,3683839000,3.37,7,"Chuck Akre, Bill Nygren, Ruane Cunniff LP, Dodge & Cox Funds, Wallace Weitz",9867014,"Q1 2026, Q2 2026, Q4 2025",Add 13.76%; Add 14.15%; Buy; Add 111.16%; Add 16.31%,305.19,517.59,20.81920903954803,True,3705.757079096045,Strong Accumulation,52_week_low_buys,2026-10-01,"Q2 2026, Q1 2026, Q4 2025",3
PDD,77.94,5,3108274000,11.18,9,"Duan Yongping, Li Lu, Howard Marks, Dodge & Cox Funds, Sarah Ketterer",27217442,"Q2 2026, Q1 2026, Q4 2025",Add 26.71%; Add 71.18%; Add 34.55%; Add 133.53%; Buy,71.94,139.41,8.89284126278346,True,3135.3847158737217,Strong Accumulation,52_week_low_buys,2026-10-01,"Q2 2026, Q1 2026, Q4 2025",3
CHTR,110.9,4,2683824000,0.66,8,"First Eagle Investment Management, Lee Ainslie, Bill Nygren, Dodge & Cox Funds",6333656,"Q2 2026, Q1 2026, Q4 2025",Add 0.20%; Add 20.56%; Add 119.58%; Buy; Add 24.33%,109.96,284.6,0.5382501145213077,True,2709.770174988548,Strong Accumulation,52_week_low_buys,2026-10-01,"Q2 2026, Q1 2026, Q4 2025",3
NFLX,69.58,5,2667183000,1.85,14,"Bill Ackman, Christopher Bloomstran, Lee Ainslie, Bill Nygren, Chase Coleman, +5 more",32703044,"Q2 2026, Q1 2026, Q4 2025",Buy; Add 11.72%; Add 30200.47%; Add 0.56%; Add 20.80%,65.08,124.86,7.527601204416193,True,2704.4302398795585,Strong Accumulation,52_week_low_buys,2026-10-01,"Q2 2026, Q1 2026, Q4 2025",3
CPNG,13.87,5,2607085000,2.0,12,"Bill Miller, Bill Nygren, Chase Coleman, Dennis Hong, Dodge & Cox Funds",61157908,"Q2 2026, Q1 2026, Q4 2025",Add 2.55%; Buy; Add 43.23%; Add 5.41%; Add 31.71%,13.41,32.96,2.3529411764705834,True,2640.849705882353,Strong Accumulation,52_week_low_buys,2026-10-01,"Q2 2026, Q1 2026, Q4 2025",3
ALLY,37.62,2,2452731000,1.74,3,"Bill Nygren, Tweedy Browne",94595,"Q4 2025, Q2 2026, Q1 2026",Add 0.18%; Add 41.11%; Buy,35.43,46.96,18.99392888117951,True,2466.8316071118825,Value Buying,52_week_low_buys,2026-10-01,"Q2 2026, Q1 2026, Q4 2025",3
LEN,81.59,3,2435919000,5.22,6,"Glenn Greenberg, Warren Buffett, Greenhaven Associates",8129584,"Q4 2025, Q2 2026, Q1 2026",Add 20.24%; Add 29.82%; Add 43.24%; Add 6.43%; Add 5.33%,75.7,131.68,10.521614862450877,True,2456.866838513755,Strong Accumulation,52_week_low_buys,2026-10-01,"Q2 2026, Q1 2026, Q4 2025",3
CARR,54.86,3,2192365000,0.98,6,"Mairs & Power Funds, Dodge & Cox Funds, Sarah Ketterer",14769121,"Q2 2026, Q1 2026, Q4 2025",Buy; Add 3.21%; Add 98.36%; Add 3.60%; Add 13.74%,49.67,76.49,19.351230425055924,True,2212.4298769574943,Strong Accumulation,52_week_low_buys,2026-10-01,"Q2 2026, Q1 2026, Q4 2025",3
SBAC,160.12,2,2181743000,0.58,4,"Dodge & Cox Funds, Christopher Davis",2696657,"Q2 2026, Q1 2026, Q4 2025",Add 2.01%; Add 0.70%; Add 24.09%; Buy,159.91,221.58,0.3405221339387188,True,2199.708947786606,Deep Value,52_week_low_buys,2026-10-01,"Q2 2026, Q1 2026, Q4 2025",3
KR,58.62,1,2169136000,0.4,1,Lee Ainslie,6359,Q1 2026,Buy,53.78,75.66,22.120658135283357,True,2178.923934186472,Value Buying,52_week_low_buys,2026-10-01,"Q2 2026, Q1 2026, Q4 2025",3
SE,97.36,5,2081432000,1.46,8,"Viking Global Investors, Stephen Mandel, Howard Marks, Dodge & Cox Funds, Christopher Davis",5358926,"Q2 2026, Q1 2026, Q4 2025",Add 19.69%; Add 29.02%; Add 20.81%; Buy; Add 8.76%,77.05,193.48,17.443957742849783,True,2105.687604225715,Strong Accumulation,52_week_low_buys,2026-10-01,"Q2 2026, Q1 2026, Q4 2025",3
HD,284.49,5,2024989000,1.26,11,"First Eagle Investment Management, Viking Global Investors, Stephen Mandel, Bill & Melinda Gates Foundation Trust, Mairs & Power Funds, +2 more",4548380,"Q2 2026, Q1 2026, Q4 2025",Add 3.82%; Add 4.44%; Add 82.56%; Buy; Add 0.97%,284.01,393.97,0.4365223717715697,True,2056.945347762823,Strong Accumulation,52_week_low_buys,2026-10-01,"Q2 2026, Q1 2026, Q4 2025",3
ORCL,137.3,5,1993536000,0.96,12,"First Eagle Investment Management, Hillman Capital Management, Mairs & Power Funds, Thomas Russo, Harry Burn, +3 more",1155019,"Q2 2026, Q1 2026, Q4 2025",Add 0.97%; Add 1.75%; Buy; Add 7.34%; Add 62.49%,114.5,319.46,11.124121779859491,True,2026.423587822014,Strong Accumulation,52_week_low_buys,2026-10-01,"Q2 2026, Q1 2026, Q4 2025",3
TRU,61.12,3,1999814000,4.04,7,"Dodge & Cox Funds, Triple Frond Partners, Vulcan Value Partners",27790974,"Q2 2026, Q1 2026, Q4 2025",Add 49.46%; Add 64.49%; Buy; Add 48.38%; Add 28.04%,61.0,88.68,0.4335260115606843,True,2023.770647398844,Strong Accumulation,52_week_low_buys,2026-10-01,"Q2 2026, Q1 2026, Q4 2025",3
FERG,222.62,5,1963409000,2.53,18,"First Eagle Investment Management, Lee Ainslie, Henry Ellenbogen, Francois Rochon, Seth Klarman, +4 more",2698535,"Q2 2026, Q1 2026, Q4 2025",Add 4.07%; Add 0.61%; Add 5.04%; Add 50.09%; Add 35.94%,212.13,268.59,18.57952532766563,True,2007.5510474672333,Strong Accumulation,52_week_low_buys,2026-10-01,"Q2 2026, Q1 2026, Q4 2025",3
TSN,50.53,5,1928589000,1.75,15,"Lee Ainslie, Yacktman Asset Management, Christopher Davis, Tweedy Browne, Richard Pzena, +2 more",6781677,"Q2 2026, Q1 2026, Q4 2025",Buy; Add 2.55%; Add 1.02%; Add 2.05%; Add 28.76%,48.84,68.27,8.69788986103962,True,1967.719211013896,Strong Accumulation,52_week_low_buys,2026-10-01,"Q2 2026, Q1 2026, Q4 2025",3
FIS,32.9,3,1937710000,1.28,3,"Mason Hawkins, Dodge & Cox Funds, Seth Klarman",6927532,"Q1 2026, Q4 2025",Add 33.01%; Add 13.94%; Add 18.84%,32.75,66.59,0.4432624113475135,True,1953.6656737588653,Deep Value,52_week_low_buys,2026-10-01,"Q2 2026, Q1 2026, Q4 2025",3
KKR,91.3,5,1788608000,2.7,7,"Stephen Mandel, ValueAct Capital, John Rogers, Dodge & Cox Funds, Lindsell Train",13390955,"Q4 2025, Q2 2026, Q1 2026",Add 22.56%; Add 8.49%; Buy; Add 65.87%; Add 3.70%,82.35,144.02,14.512729041673426,True,1811.1567270958328,Strong Accumulation,52_week_low_buys,2026-10-01,"Q2 2026, Q1 2026, Q4 2025",3
MDLN,34.7,5,1771158000,3.22,10,"Viking Global Investors, Stephen Mandel, Lee Ainslie, Henry Ellenbogen, John Armitage",56935173,"Q1 2026, Q4 2025, Q2 2026",Add 64.30%; Buy; Add 77.86%; Add 0.62%; Add 5.30%,31.49,50.88,16.554925219185165,True,1799.5025074780815,Strong Accumulation,52_week_low_buys,2026-10-01,"Q2 2026, Q1 2026, Q4 2025",3
TDG,1082.6,3,1710912000,10.27,6,"Daniel Loeb, Stephen Mandel, Triple Frond Partners",164257,"Q2 2026, Q1 2026, Q4 2025",Add 216.00%; Buy; Add 85.55%; Add 2.55%; Add 82.39%,1071.25,1463.03,2.89703404972176,True,1732.6222965950278,Strong Accumulation,52_week_low_buys,2026-10-01,"Q2 2026, Q1 2026, Q4 2025",3
FICO,592.47,5,1659394000,5.96,8,"Valley Forge Capital Management, Chuck Akre, Terry Smith, AKO Capital, Yacktman Asset Management, +1 more",172750,"Q4 2025, Q1 2026, Q2 2026",Add 0.13%; Add 31.11%; Add 6.36%; Buy; Add 12.79%,586.05,1998.01,0.4546871016176147,True,1685.3485312898383,Strong Accumulation,52_week_low_buys,2026-10-01,"Q2 2026, Q1 2026, Q4 2025",3
FDXF,109.38,5,1629520000,0.44,5,"Viking Global Investors, Bill & Melinda Gates Foundation Trust, John Rogers, Dodge & Cox Funds, Tweedy Browne",10791526,Q2 2026,Buy,109.38,200.0,0.0,True,1649.52,Strong Accumulation,52_week_low_buys,2026-10-01,"Q2 2026, Q1 2026, Q4 2025",3
HLN,9.0,4,1596578000,0.23,7,"First Eagle Investment Management, Kahn Brothers Group, Bill Nygren, Dodge & Cox Funds",21397911,"Q2 2026, Q1 2026, Q4 2025",Add 4.77%; Add 20.90%; Add 9.11%; Add 3.38%; Add 11.98%,8.59,11.06,16.599190283400812,True,1618.91808097166,Strong Accumulation,52_week_low_buys,2026-10-01,"Q2 2026, Q1 2026, Q4 2025",3
EFX,137.24,5,1557577000,1.1,14,"Valley Forge Capital Management, Lee Ainslie, Bill Nygren, Hillman Capital Management, Wallace Weitz, +4 more",3409585,"Q4 2025, Q1 2026, Q2 2026",Add 1.63%; Buy; Add 29.54%; Add 22.36%; Add 1.41%,137.01,255.4,0.1942731649632723,True,1595.5575726835036,Strong Accumulation,52_week_low_buys,2026-10-01,"Q2 2026, Q1 2026, Q4 2025",3
VMC,244.63,5,1553825000,2.57,7,"Stephen Mandel, Lee Ainslie, Chris Hohn, Wallace Weitz, John Armitage",5359270,"Q4 2025, Q2 2026, Q1 2026",Add 21.62%; Buy; Add 1.90%; Add 11.44%; Add 84.26%,239.9,329.2,5.296752519596854,True,1577.2953247480405,Strong Accumulation,52_week_low_buys,2026-10-01,"Q2 2026, Q1 2026, Q4 2025",3
FER,54.1,1,1434612000,2.72,2,Chris Hohn,1469775,"Q2 2026, Q4 2025",Add 0.97%; Add 6.52%,53.69,74.07,2.011776251226712,True,1448.4108223748774,Deep Value,52_week_low_buys,2026-10-01,"Q2 2026, Q1 2026, Q4 2025",3
RKT,11.51,5,1317279000,5.95,11,"First Eagle Investment Management, Daniel Loeb, ValueAct Capital, Henry Ellenbogen, Leon Cooperman, +1 more",63984300,"Q2 2026, Q1 2026, Q4 2025",Add 4.22%; Add 4.93%; Add 6.97%; Add 137.88%; Add 47.68%,11.38,24.36,1.0015408320492991,True,1349.1788459167951,Strong Accumulation,52_week_low_buys,2026-10-01,"Q2 2026, Q1 2026, Q4 2025",3
BABA,107.54,5,1319879000,2.56,9,"Daniel Loeb, Duan Yongping, Bill Nygren, Dennis Hong, Dodge & Cox Funds, +1 more",1679903,"Q4 2025, Q2 2026, Q1 2026",Buy; Add 14.67%; Add 40.17%; Add 344.97%; Add 40.96%,91.99,190.92,15.718184574951998,True,1346.3071815425046,Strong Accumulation,52_week_low_buys,2026-10-01,"Q2 2026, Q1 2026, Q4 2025",3
