ticker,company_name,managers_shown,total_value,avg_portfolio_pct,active_managers,periods,buy_count,sell_count,current_holders,contrarian_score,contrarian_signal,buying_managers,selling_managers,add_count,reduce_count,_analysis_type,_generated,_periods,_window_quarters
MSFT,Microsoft Corp.,5,14687184000.0,3.94,45.0,"Q2 2026, Q1 2026, Q4 2025",54.0,63.0,37.0,526.5,Net Selling,"First Eagle Investment Management, Muhlenkamp, AltaRock Partners, Kahn Brothers Group, Viking Global Investors, +28 more","Muhlenkamp, AltaRock Partners, Kahn Brothers Group, Viking Global Investors, Daniel Loeb, +28 more",50,55,contrarian_opportunities,2026-09-01,"Q2 2026, Q1 2026, Q4 2025",3
GOOGL,Alphabet Inc.,5,43755497000.0,4.75,39.0,"Q2 2026, Q1 2026, Q4 2025",20.0,73.0,36.0,362.7,Net Selling,"Viking Global Investors, Daniel Loeb, Stephen Mandel, Christopher Bloomstran, Warren Buffett, +10 more","First Eagle Investment Management, AltaRock Partners, Viking Global Investors, Glenn Greenberg, Bill Ackman, +27 more",14,67,contrarian_opportunities,2026-09-01,"Q2 2026, Q1 2026, Q4 2025",3
AMZN,Amazon.com Inc.,5,20776721000.0,7.03,35.0,"Q2 2026, Q1 2026, Q4 2025",42.0,51.0,34.0,325.5,Net Selling,"AltaRock Partners, Viking Global Investors, Glenn Greenberg, Bill Ackman, David Rolfe, +19 more","AltaRock Partners, Viking Global Investors, Bill Ackman, Daniel Loeb, Stephen Mandel, +23 more",34,49,contrarian_opportunities,2026-09-01,"Q2 2026, Q1 2026, Q4 2025",3
META,Meta Platforms Inc.,5,14823867000.0,4.18,35.0,"Q2 2026, Q1 2026, Q4 2025",38.0,46.0,31.0,294.0,Net Selling,"First Eagle Investment Management, Viking Global Investors, Glenn Greenberg, Bill Ackman, Daniel Loeb, +19 more","Viking Global Investors, Bill Ackman, Daniel Loeb, Stephen Mandel, David Rolfe, +21 more",31,39,contrarian_opportunities,2026-09-01,"Q2 2026, Q1 2026, Q4 2025",3
GOOG,Alphabet Inc. CL C,5,30919831000.0,6.23,33.0,"Q2 2026, Q1 2026, Q4 2025",23.0,64.0,34.0,287.1,Net Selling,"First Eagle Investment Management, Kahn Brothers Group, David Tepper, Duan Yongping, Christopher Bloomstran, +11 more","First Eagle Investment Management, Kahn Brothers Group, Bill Ackman, David Tepper, Duan Yongping, +25 more",19,61,contrarian_opportunities,2026-09-01,"Q2 2026, Q1 2026, Q4 2025",3
V,Visa Inc.,5,22570783000.0,4.68,30.0,"Q2 2026, Q1 2026, Q4 2025",35.0,38.0,30.0,219.0,Net Selling,"AltaRock Partners, Viking Global Investors, Glenn Greenberg, Bill Ackman, Stephen Mandel, +16 more","AltaRock Partners, Glenn Greenberg, Valley Forge Capital Management, David Rolfe, Lee Ainslie, +14 more",29,36,contrarian_opportunities,2026-09-01,"Q2 2026, Q1 2026, Q4 2025",3
TSM,Taiwan Semiconductor S.A.,5,9742601000.0,3.37,25.0,"Q2 2026, Q1 2026, Q4 2025",20.0,43.0,24.0,157.5,Net Selling,"Viking Global Investors, Daniel Loeb, David Tepper, Duan Yongping, Lee Ainslie, +10 more","First Eagle Investment Management, Viking Global Investors, Daniel Loeb, Stephen Mandel, David Rolfe, +16 more",18,41,contrarian_opportunities,2026-09-01,"Q2 2026, Q1 2026, Q4 2025",3
UNH,United Health Group Inc.,5,5467811000.0,1.46,25.0,"Q2 2026, Q1 2026, Q4 2025",23.0,40.0,17.0,157.5,Net Selling,"First Eagle Investment Management, Viking Global Investors, Glenn Greenberg, Duan Yongping, Arnold Van Den Berg, +8 more","Viking Global Investors, David Tepper, Duan Yongping, Bill Nygren, Warren Buffett, +17 more",18,30,contrarian_opportunities,2026-09-01,"Q2 2026, Q1 2026, Q4 2025",3
DIS,Walt Disney Co.,5,2421963000.0,1.77,24.0,"Q2 2026, Q1 2026, Q4 2025",29.0,35.0,20.0,153.6,Net Selling,"First Eagle Investment Management, Viking Global Investors, Mason Hawkins, Duan Yongping, Christopher Bloomstran, +12 more","Kahn Brothers Group, Viking Global Investors, Mason Hawkins, Duan Yongping, ValueAct Capital, +14 more",27,30,contrarian_opportunities,2026-09-01,"Q2 2026, Q1 2026, Q4 2025",3
BRK.B,Berkshire Hathaway CL B,5,16239545000.0,7.62,24.0,"Q2 2026, Q1 2026, Q4 2025",26.0,36.0,26.0,148.8,Net Selling,"First Eagle Investment Management, Muhlenkamp, Duan Yongping, Christopher Bloomstran, Bruce Berkowitz, +8 more","Muhlenkamp, Christopher Bloomstran, Chuck Akre, Bill & Melinda Gates Foundation Trust, Bill Nygren, +14 more",25,36,contrarian_opportunities,2026-09-01,"Q2 2026, Q1 2026, Q4 2025",3
MA,Mastercard Inc.,5,6148680000.0,5.54,22.0,"Q2 2026, Q1 2026, Q4 2025",17.0,34.0,21.0,112.2,Net Selling,"AltaRock Partners, Glenn Greenberg, Bill Ackman, Stephen Mandel, Valley Forge Capital Management, +8 more","AltaRock Partners, Stephen Mandel, Valley Forge Capital Management, Chuck Akre, Bill Nygren, +11 more",11,32,contrarian_opportunities,2026-09-01,"Q2 2026, Q1 2026, Q4 2025",3
AAPL,Apple Inc.,5,74939400000.0,4.56,22.0,"Q2 2026, Q1 2026, Q4 2025",13.0,37.0,22.0,110.0,Net Selling,"Muhlenkamp, Kahn Brothers Group, Viking Global Investors, Christopher Bloomstran, Bill Nygren, +7 more","Muhlenkamp, Viking Global Investors, David Rolfe, Duan Yongping, Lee Ainslie, +13 more",11,34,contrarian_opportunities,2026-09-01,"Q2 2026, Q1 2026, Q4 2025",3
NVDA,NVIDIA Corp.,5,7261980000.0,3.28,20.0,"Q1 2026, Q2 2026, Q4 2025",19.0,30.0,18.0,98.0,Net Selling,"Daniel Loeb, David Tepper, Duan Yongping, Lee Ainslie, Bill Nygren, +8 more","Kahn Brothers Group, Daniel Loeb, David Tepper, Duan Yongping, Lee Ainslie, +11 more",15,27,contrarian_opportunities,2026-09-01,"Q2 2026, Q1 2026, Q4 2025",3
COF,Capital One Financial,5,8654828000.0,2.41,19.0,"Q2 2026, Q1 2026, Q4 2025",13.0,35.0,16.0,91.2,Net Selling,"Glenn Greenberg, Daniel Loeb, Lee Ainslie, Bill Nygren, John Rogers, +5 more","Viking Global Investors, Glenn Greenberg, Daniel Loeb, Stephen Mandel, Abrams Bison Investments, +12 more",10,29,contrarian_opportunities,2026-09-01,"Q2 2026, Q1 2026, Q4 2025",3
BAC,Bank of America Corp.,5,29551279000.0,1.34,19.0,"Q1 2026, Q4 2025, Q2 2026",4.0,42.0,15.0,87.4,Net Selling,"Bill Nygren, Ruane Cunniff LP, Harry Burn, Christopher Davis","Kahn Brothers Group, Viking Global Investors, Glenn Greenberg, Lee Ainslie, Bill Nygren, +13 more",3,37,contrarian_opportunities,2026-09-01,"Q2 2026, Q1 2026, Q4 2025",3
INTU,Intuit Inc.,5,449890000.0,1.6,17.0,"Q4 2025, Q1 2026, Q2 2026",14.0,23.0,8.0,62.9,Net Selling,"Lee Ainslie, First Pacific Advisors, Hillman Capital Management, Arnold Van Den Berg, Terry Smith, +5 more","Viking Global Investors, Valley Forge Capital Management, Lee Ainslie, Henry Ellenbogen, Dennis Hong, +8 more",8,14,contrarian_opportunities,2026-09-01,"Q2 2026, Q1 2026, Q4 2025",3
FISV,Fiserv Inc.,5,4344248000.0,1.19,16.0,"Q2 2026, Q1 2026, Q4 2025",21.0,14.0,9.0,56.0,Net Buying,"First Eagle Investment Management, Mason Hawkins, Bill Nygren, John Rogers, Hillman Capital Management, +6 more","Mason Hawkins, David Tepper, Norbert Lou, Francois Rochon, Hillman Capital Management, +8 more",17,7,contrarian_opportunities,2026-09-01,"Q2 2026, Q1 2026, Q4 2025",3
AXP,American Express,5,52363646000.0,2.38,15.0,"Q2 2026, Q1 2026, Q4 2025",5.0,32.0,16.0,55.5,Net Selling,"First Eagle Investment Management, Francois Rochon, Thomas Gayner","Kahn Brothers Group, Christopher Bloomstran, Bill Nygren, Mairs & Power Funds, Dodge & Cox Funds, +7 more",4,31,contrarian_opportunities,2026-09-01,"Q2 2026, Q1 2026, Q4 2025",3
AVGO,Broadcom Inc.,5,1752812000.0,2.32,15.0,"Q2 2026, Q1 2026, Q4 2025",16.0,20.0,13.0,54.0,Net Selling,"Daniel Loeb, Stephen Mandel, David Tepper, Lee Ainslie, Bill Nygren, +7 more","Daniel Loeb, Stephen Mandel, Bill Nygren, Chase Coleman, First Pacific Advisors, +8 more",11,18,contrarian_opportunities,2026-09-01,"Q2 2026, Q1 2026, Q4 2025",3
TMO,Thermo Fisher Scientific,5,3084625000.0,2.24,15.0,"Q2 2026, Q1 2026, Q4 2025",19.0,16.0,11.0,52.5,Net Buying,"Viking Global Investors, Daniel Loeb, First Pacific Advisors, Hillman Capital Management, Arnold Van Den Berg, +5 more","Daniel Loeb, Bill Nygren, Hillman Capital Management, Arnold Van Den Berg, Mairs & Power Funds, +5 more",16,12,contrarian_opportunities,2026-09-01,"Q2 2026, Q1 2026, Q4 2025",3
JPM,JPMorgan Chase & Co.,5,1721146000.0,0.8,14.0,"Q2 2026, Q1 2026, Q4 2025",11.0,26.0,15.0,51.8,Net Selling,"Kahn Brothers Group, Viking Global Investors, Bill Nygren, Francois Rochon, Richard Pzena, +1 more","Kahn Brothers Group, Viking Global Investors, Bill Nygren, Francois Rochon, Mairs & Power Funds, +9 more",11,25,contrarian_opportunities,2026-09-01,"Q2 2026, Q1 2026, Q4 2025",3
CMCSA,Comcast Corp.,5,4357701000.0,1.07,15.0,"Q2 2026, Q1 2026, Q4 2025",19.0,15.0,14.0,51.0,Net Buying,"First Eagle Investment Management, Kahn Brothers Group, David Einhorn, Bill Nygren, First Pacific Advisors, +5 more","Kahn Brothers Group, Bill Nygren, First Pacific Advisors, Hillman Capital Management, Mairs & Power Funds, +6 more",17,13,contrarian_opportunities,2026-09-01,"Q2 2026, Q1 2026, Q4 2025",3
ADBE,Adobe Inc.,5,1320643000.0,0.64,14.0,"Q1 2026, Q4 2025, Q2 2026",18.0,15.0,10.0,46.2,Net Buying,"Lee Ainslie, Bill Nygren, Hillman Capital Management, Dodge & Cox Funds, Samantha McLemore, +4 more","Lee Ainslie, Hillman Capital Management, Mairs & Power Funds, Jensen Investment Management, Polen Capital Management, +3 more",14,11,contrarian_opportunities,2026-09-01,"Q2 2026, Q1 2026, Q4 2025",3
SPGI,S&P Global Inc.,5,7846649000.0,4.28,15.0,"Q2 2026, Q1 2026, Q4 2025",18.0,12.0,14.0,45.0,Net Buying,"Glenn Greenberg, Bill Ackman, Valley Forge Capital Management, Christopher Bloomstran, Li Lu, +7 more","Glenn Greenberg, Valley Forge Capital Management, David Rolfe, Li Lu, Dodge & Cox Funds, +3 more",10,10,contrarian_opportunities,2026-09-01,"Q2 2026, Q1 2026, Q4 2025",3
ORCL,Oracle Corp.,5,1993536000.0,0.96,14.0,"Q2 2026, Q1 2026, Q4 2025",12.0,19.0,14.0,43.4,Net Selling,"First Eagle Investment Management, Hillman Capital Management, Mairs & Power Funds, Thomas Russo, Harry Burn, +3 more","Bill Nygren, John Rogers, Hillman Capital Management, Mairs & Power Funds, Sarah Ketterer, +6 more",9,18,contrarian_opportunities,2026-09-01,"Q2 2026, Q1 2026, Q4 2025",3
WFC,Wells Fargo,5,5181510000.0,1.32,12.0,"Q2 2026, Q1 2026, Q4 2025",8.0,28.0,14.0,43.2,Net Selling,"Bill Nygren, Dodge & Cox Funds, Thomas Russo, Yacktman Asset Management, Christopher Davis, +3 more","Bill Nygren, First Pacific Advisors, Mairs & Power Funds, Dodge & Cox Funds, Thomas Russo, +7 more",8,27,contrarian_opportunities,2026-09-01,"Q2 2026, Q1 2026, Q4 2025",3
TXN,Texas Instruments,5,1696913000.0,1.21,13.0,"Q2 2026, Q1 2026, Q4 2025",10.0,23.0,14.0,42.9,Net Selling,"First Eagle Investment Management, Glenn Greenberg, Lee Ainslie, Arnold Van Den Berg, Sarah Ketterer, +4 more","First Eagle Investment Management, Bill Nygren, Arnold Van Den Berg, Mairs & Power Funds, Terry Smith, +6 more",6,23,contrarian_opportunities,2026-09-01,"Q2 2026, Q1 2026, Q4 2025",3
XOM,ExxonMobil Holdings Corp.,5,990683000.0,0.64,13.0,"Q2 2026, Q1 2026, Q4 2025",8.0,25.0,11.0,42.9,Net Selling,"Muhlenkamp, Kahn Brothers Group, Mairs & Power Funds, Thomas Russo, Thomas Gayner","First Eagle Investment Management, Kahn Brothers Group, Christopher Bloomstran, Bill Nygren, Hillman Capital Management, +6 more",7,23,contrarian_opportunities,2026-09-01,"Q2 2026, Q1 2026, Q4 2025",3
AMAT,Applied Materials,5,3012319000.0,3.52,15.0,"Q4 2025, Q2 2026, Q1 2026",8.0,20.0,12.0,42.0,Net Selling,"Glenn Greenberg, Stephen Mandel, Lee Ainslie, Chase Coleman, Thomas Gayner, +2 more","Abrams Bison Investments, Lee Ainslie, Bill Nygren, Chase Coleman, Mairs & Power Funds, +6 more",4,17,contrarian_opportunities,2026-09-01,"Q2 2026, Q1 2026, Q4 2025",3
MCO,Moody's Corp.,5,20032119000.0,4.57,14.0,"Q2 2026, Q1 2026, Q4 2025",9.0,20.0,17.0,40.6,Net Selling,"AltaRock Partners, Valley Forge Capital Management, Li Lu, Chris Hohn, Bryan Lawrence, +2 more","AltaRock Partners, Valley Forge Capital Management, Chuck Akre, Bill Nygren, Li Lu, +6 more",6,19,contrarian_opportunities,2026-09-01,"Q2 2026, Q1 2026, Q4 2025",3
