ticker,company_name,current_price,manager_count,managers,total_value,avg_portfolio_pct,max_portfolio_pct,total_shares,latest_date,recent_activity_score,price_momentum_score,manager_quality_score,hidden_gem_score,gem_type,first_discovered,_analysis_type,_generated,_periods,_window_quarters
JOE,St. Joe Co.,65.78,1,Bruce Berkowitz,1138762000,76.43,76.43,18182367,30 Jun 2026,0.0,0.2671586715867157,1.0,2.269,Conviction Play,,hidden_gems,2026-10-01,"Q2 2026, Q1 2026, Q4 2025",3
IEP,Icahn Enterprises,6.75,1,Carl Icahn,4458616000,53.95,53.95,618393343,30 Jun 2026,0.2,0.4259259259259261,1.0,1.873,Conviction Play,,hidden_gems,2026-10-01,"Q2 2026, Q1 2026, Q4 2025",3
AMR,Alpha Metallurgical Resources Inc.,168.22,1,Mohnish Pabrai,85306000,26.11,26.11,517194,30 Jun 2026,0.2,0.7122649359294391,1.3,1.767,Value Opportunity,,hidden_gems,2026-10-01,"Q2 2026, Q1 2026, Q4 2025",3
EWBC,East West Bancorp,123.93,1,Li Lu,358399000,9.68,9.68,2776351,30 Jun 2026,0.1,0.2872904731593463,1.5,1.408,Conviction Play,Q1 2026,hidden_gems,2026-10-01,"Q2 2026, Q1 2026, Q4 2025",3
HHH,Howard Hughes Holdings Inc.,73.62,1,Bill Ackman,1991144000,10.23,10.23,27852064,30 Jun 2026,0.1,0.5632666236281471,1.4,1.406,Conviction Play,,hidden_gems,2026-10-01,"Q2 2026, Q1 2026, Q4 2025",3
JHG-OLD,Janus Henderson Group,51.98,1,Nelson Peltz,1334028000,31.53,31.53,25654382,30 Jun 2026,0.0,0.1126582278481012,1.0,1.347,Conviction Play,,hidden_gems,2026-10-01,"Q2 2026, Q1 2026, Q4 2025",3
GPI,Group 1 Automotive,240.44,2,"Ruane Cunniff LP, Greg Alexander",282983000,23.22,46.41,971884,30 Jun 2026,0.4,0.976106155018604,1.0,1.296,Value Opportunity,,hidden_gems,2026-10-01,"Q2 2026, Q1 2026, Q4 2025",3
CVI,CVR Energy Inc.,50.99,1,Carl Icahn,1960900000,23.73,23.73,71201875,30 Jun 2026,0.1,0.1176800224152423,1.0,1.207,Conviction Play,,hidden_gems,2026-10-01,"Q2 2026, Q1 2026, Q4 2025",3
RIG,Transocean Ltd.,5.24,2,"Arnold Van Den Berg, Mohnish Pabrai",99838000,15.28,30.53,20416924,30 Jun 2026,0.2,0.5272331154684096,1.15,1.196,Under-Radar,,hidden_gems,2026-10-01,"Q2 2026, Q1 2026, Q4 2025",3
GXO,Gxo Logistics Inc.,44.45,1,Glenn Welling,49928000,15.46,15.46,984769,30 Jun 2026,0.1,0.9638554216867468,1.0,1.169,Value Opportunity,,hidden_gems,2026-10-01,"Q2 2026, Q1 2026, Q4 2025",3
EXE,Expand Energy Corp.,84.09,1,Howard Marks,477606000,12.64,12.64,5237477,30 Jun 2026,0.4,0.9796017484215638,1.0,1.16,Value Opportunity,Q1 2026,hidden_gems,2026-10-01,"Q2 2026, Q1 2026, Q4 2025",3
TKO,TKO Group Holdings Inc.,179.72,1,Lindsell Train,422522000,16.07,16.07,2098862,30 Jun 2026,0.0,0.8730874852883485,1.0,1.152,Value Opportunity,,hidden_gems,2026-10-01,"Q2 2026, Q1 2026, Q4 2025",3
IONS,Ionis Pharmaceuticals Inc.,44.65,1,Tweedy Browne,180806000,13.7,13.7,2280311,30 Jun 2026,0.1,0.962497141550423,1.0,1.133,Value Opportunity,,hidden_gems,2026-10-01,"Q2 2026, Q1 2026, Q4 2025",3
EGO,Eldorado Gold Corp.,38.49,1,Prem Watsa,427002000,16.18,16.18,13746506,30 Jun 2026,0.1,0.4661399548532731,1.0,1.109,Conviction Play,Q2 2026,hidden_gems,2026-10-01,"Q2 2026, Q1 2026, Q4 2025",3
UAA,Under Armour Inc.,4.46,1,Prem Watsa,289831000,10.98,10.98,45356965,30 Jun 2026,0.3,0.917910447761194,1.0,1.102,Value Opportunity,,hidden_gems,2026-10-01,"Q2 2026, Q1 2026, Q4 2025",3
PDD,Pinduoduo Inc.,77.94,4,"Duan Yongping, Norbert Lou, Li Lu, Dodge & Cox Funds",3108274000,11.18,22.17,40748217,30 Jun 2026,0.9,0.9110715873721652,1.125,1.091,Value Opportunity,Q1 2026,hidden_gems,2026-10-01,"Q2 2026, Q1 2026, Q4 2025",3
RYN,Rayonier Inc.,18.36,1,Mason Hawkins,201976000,10.54,10.54,9491347,30 Jun 2026,0.2,1.0,1.0,1.091,Value Opportunity,,hidden_gems,2026-10-01,"Q2 2026, Q1 2026, Q4 2025",3
HCC,Warrior Met Coal Inc.,88.07,3,"First Eagle Investment Management, Mohnish Pabrai, Third Avenue Management",479534000,15.85,43.32,5908506,30 Jun 2026,0.2,0.4690638810767378,1.1,1.064,Under-Radar,Q2 2026,hidden_gems,2026-10-01,"Q2 2026, Q1 2026, Q4 2025",3
KEX,Kirby Corp.,131.25,1,Alex Roepers,25386000,13.22,13.22,186700,30 Jun 2026,0.2,0.338237175386977,1.0,1.045,Conviction Play,Q4 2025,hidden_gems,2026-10-01,"Q2 2026, Q1 2026, Q4 2025",3
AIIR,Air Holdings Ltd,7.64,1,Greg Alexander,64381000,10.61,10.61,9666791,30 Jun 2026,0.1,0.7091584158415841,1.0,1.034,Value Opportunity,Q2 2026,hidden_gems,2026-10-01,"Q2 2026, Q1 2026, Q4 2025",3
BAYRY,Bayer Ag Sponsored ADR,13.89,1,Kahn Brothers Group,89308000,14.12,14.12,6518603,30 Jun 2026,0.1,0.1724581724581723,1.0,1.023,Conviction Play,,hidden_gems,2026-10-01,"Q2 2026, Q1 2026, Q4 2025",3
ZS,Zscaler Inc.,199.42,1,Dennis Hong,23615000,10.18,10.18,167305,30 Jun 2026,0.1,0.618681417521137,1.0,1.011,Conviction Play,Q1 2026,hidden_gems,2026-10-01,"Q2 2026, Q1 2026, Q4 2025",3
XRAY,DENTSPLY SIRONA Inc.,8.86,2,"Alex Roepers, John Rogers",108531000,6.52,12.18,10229107,30 Jun 2026,0.7,0.9949409780775718,1.0,1.01,Emerging Pick,Q1 2026,hidden_gems,2026-10-01,"Q2 2026, Q1 2026, Q4 2025",3
EVH,Evolent Health Inc.,3.49,1,Glenn Welling,30156000,9.34,9.34,5563912,30 Jun 2026,0.2,0.785824345146379,1.0,1.008,Value Opportunity,,hidden_gems,2026-10-01,"Q2 2026, Q1 2026, Q4 2025",3
DVA,DaVita HealthCare Partners,174.92,1,Warren Buffett,6425269000,2.15,2.15,28880209,30 Jun 2026,0.0,0.4953921769404056,2.0,1.007,Under-Radar,,hidden_gems,2026-10-01,"Q2 2026, Q1 2026, Q4 2025",3
LEN,Lennar Corp.,81.59,4,"Glenn Greenberg, Warren Buffett, Bryan Lawrence, Greenhaven Associates",2435919000,5.22,11.82,26919197,30 Jun 2026,0.6,0.8947838513754912,1.25,1.005,Value Opportunity,,hidden_gems,2026-10-01,"Q2 2026, Q1 2026, Q4 2025",3
VFC,V.F. Corp.,14.06,2,"Glenn Welling, Dodge & Cox Funds",449160000,11.78,23.36,26928069,30 Jun 2026,0.1,0.8322851153039832,1.0,1.0,Value Opportunity,,hidden_gems,2026-10-01,"Q2 2026, Q1 2026, Q4 2025",3
OKTA,Okta Inc.,209.11,1,Dennis Hong,32031000,13.8,13.8,234744,30 Jun 2026,0.0,0.1,1.0,0.991,Conviction Play,,hidden_gems,2026-10-01,"Q2 2026, Q1 2026, Q4 2025",3
APTV,Aptiv PLC,43.02,2,"Viking Global Investors, Alex Roepers",307313000,7.66,14.51,5006729,30 Jun 2026,0.4,0.9971886421141412,1.0,0.988,Value Opportunity,Q2 2026,hidden_gems,2026-10-01,"Q2 2026, Q1 2026, Q4 2025",3
FRPT,Freshpet Inc.,57.56,1,Glenn Welling,28658000,8.87,8.87,484741,30 Jun 2026,0.3,0.7190897597977244,1.0,0.985,Value Opportunity,Q4 2025,hidden_gems,2026-10-01,"Q2 2026, Q1 2026, Q4 2025",3
ALC,Alcon Inc.,64.75,2,"Lee Ainslie, AKO Capital",654158000,7.6,15.19,9716040,30 Jun 2026,0.5,0.8853427895981089,1.0,0.985,Value Opportunity,Q1 2026,hidden_gems,2026-10-01,"Q2 2026, Q1 2026, Q4 2025",3
GRBK,Green Brick Partners,66.11,2,"David Einhorn, Polen Capital Management",758989000,9.7,19.39,9482625,30 Jun 2026,0.3,0.7506596306068601,1.0,0.977,Value Opportunity,Q4 2025,hidden_gems,2026-10-01,"Q2 2026, Q1 2026, Q4 2025",3
ALK,Alaska Air Group,38.7,2,"Christopher Bloomstran, Sarah Ketterer",259788000,6.19,10.58,4976790,30 Jun 2026,0.7,0.7945652173913044,1.0,0.973,Emerging Pick,Q4 2025,hidden_gems,2026-10-01,"Q2 2026, Q1 2026, Q4 2025",3
MOH,Molina Healthcare Inc.,189.1,3,"Bill Nygren, Seth Klarman, Michael Burry",387806000,15.49,43.49,1716109,30 Sep 2025,0.3,0.4505370265686829,1.0,0.972,Under-Radar,Q1 2026,hidden_gems,2026-10-01,"Q2 2026, Q1 2026, Q4 2025",3
CNX,CNX Resources Corp.,31.17,1,Mason Hawkins,158218000,8.25,8.25,4663053,30 Jun 2026,0.1,0.9952038369304554,1.0,0.959,Value Opportunity,,hidden_gems,2026-10-01,"Q2 2026, Q1 2026, Q4 2025",3
CCL,Carnival Corp.,24.54,2,"Viking Global Investors, Sarah Ketterer",1585366000,6.97,12.78,55490559,30 Jun 2026,0.5,0.7433554817275748,1.0,0.951,Value Opportunity,Q4 2025,hidden_gems,2026-10-01,"Q2 2026, Q1 2026, Q4 2025",3
VRT,Vertiv Holdings Co.,241.31,2,"Leon Cooperman, Terry Smith",736498000,10.24,20.37,2199682,30 Jun 2026,0.1,0.5953046394633873,1.0,0.934,Under-Radar,Q2 2026,hidden_gems,2026-10-01,"Q2 2026, Q1 2026, Q4 2025",3
HGV,Hilton Grand Vacations Inc.,34.66,2,"Clifford Sosin, Ruane Cunniff LP",272902000,7.24,14.48,5211045,30 Jun 2026,0.1,0.983404457088668,1.0,0.932,Value Opportunity,Q2 2026,hidden_gems,2026-10-01,"Q2 2026, Q1 2026, Q4 2025",3
NBR,Nabors Industries Ltd.,78.12,1,Bill Miller,37423000,8.85,8.85,445460,30 Jun 2026,0.1,0.4561909758656873,1.0,0.914,Conviction Play,,hidden_gems,2026-10-01,"Q2 2026, Q1 2026, Q4 2025",3
MAT,Mattel Inc.,12.66,2,"Mason Hawkins, John Rogers",385010000,5.52,8.92,27738510,30 Jun 2026,0.5,0.9780876494023903,1.0,0.914,Value Opportunity,,hidden_gems,2026-10-01,"Q2 2026, Q1 2026, Q4 2025",3
SLM,SLM Corp.,22.63,3,"Glenn Greenberg, Sarah Ketterer, Michael Burry",360623000,10.57,24.16,13869973,30 Sep 2025,0.4,0.604134762633997,1.0,0.912,Under-Radar,Q1 2026,hidden_gems,2026-10-01,"Q2 2026, Q1 2026, Q4 2025",3
ASH,Ashland Global Holdings Inc.,67.92,2,"Alex Roepers, Leon Cooperman",158400000,10.5,17.47,2404000,30 Jun 2026,0.2,0.309136420525657,1.0,0.911,Under-Radar,Q2 2026,hidden_gems,2026-10-01,"Q2 2026, Q1 2026, Q4 2025",3
BL,BlackLine Inc.,26.53,1,Glenn Welling,23231000,7.19,7.19,827619,30 Jun 2026,0.2,0.9475193576139948,1.0,0.904,Value Opportunity,,hidden_gems,2026-10-01,"Q2 2026, Q1 2026, Q4 2025",3
YETI,YETI Holdings Inc.,41.02,2,"Glenn Welling, Thomas Russo",60368000,9.17,18.33,1218095,30 Jun 2026,0.0,0.5808329601433049,1.0,0.896,Under-Radar,,hidden_gems,2026-10-01,"Q2 2026, Q1 2026, Q4 2025",3
RKT,Rocket Companies Inc.,11.51,4,"ValueAct Capital, Henry Ellenbogen, Leon Cooperman, Christopher Davis",1317279000,5.95,11.65,83636760,30 Jun 2026,1.0,0.989984591679507,1.0,0.893,Value Opportunity,Q4 2025,hidden_gems,2026-10-01,"Q2 2026, Q1 2026, Q4 2025",3
GWRE,Guidewire Software Inc.,142.58,1,Bryan Lawrence,19526000,7.27,7.27,158683,30 Jun 2026,0.3,0.737743342665538,1.0,0.892,Value Opportunity,,hidden_gems,2026-10-01,"Q2 2026, Q1 2026, Q4 2025",3
CACC,Credit Acceptance Corp.,531.0,2,"Robert Vinall, Ruane Cunniff LP",72302000,9.03,18.01,113551,30 Jun 2026,0.0,0.5164069523524123,1.0,0.883,Under-Radar,,hidden_gems,2026-10-01,"Q2 2026, Q1 2026, Q4 2025",3
RYAN,Ryan Specialty Holdings Inc,37.0,2,"Vulcan Value Partners, Torray Funds",301724000,4.76,9.09,7990580,30 Jun 2026,0.6,0.7299965951651345,1.0,0.883,Emerging Pick,,hidden_gems,2026-10-01,"Q2 2026, Q1 2026, Q4 2025",3
NOMD,Nomad Foods Ltd,10.33,1,Alex Roepers,14605000,7.61,7.61,1333772,30 Jun 2026,0.2,0.6161879895561356,1.0,0.879,Conviction Play,,hidden_gems,2026-10-01,"Q2 2026, Q1 2026, Q4 2025",3
CFRHF,Compagnie Financiere Richemont SA,213.5,1,Thomas Russo,773662000,8.67,8.67,3345346,30 Jun 2026,0.0,0.3861720067453625,1.0,0.878,Conviction Play,,hidden_gems,2026-10-01,"Q2 2026, Q1 2026, Q4 2025",3
