ticker,company_name,current_price,manager_count,managers,total_value,avg_portfolio_pct,max_portfolio_pct,total_shares,conviction_price_score,recent_buys,opportunity_type,_analysis_type,_generated,_periods,_window_quarters
IEP,Icahn Enterprises,6.75,1,Carl Icahn,4458616000,53.95,53.95,618393343,127.15,2.0,Deep Conviction Bargain,high_conviction_low_price,2026-10-01,"Q2 2026, Q1 2026, Q4 2025",3
RIG,Transocean Ltd.,5.24,1,Mohnish Pabrai,99749000,30.53,30.53,20398659,81.82,2.0,Deep Conviction Bargain,high_conviction_low_price,2026-10-01,"Q2 2026, Q1 2026, Q4 2025",3
ORLA-OLD,Orla Mining Ltd,9.45,1,Prem Watsa,568456000,21.55,21.55,58399504,59.650000000000006,2.0,Deep Conviction Bargain,high_conviction_low_price,2026-10-01,"Q2 2026, Q1 2026, Q4 2025",3
VFC,V.F. Corp.,14.06,1,Glenn Welling,75425000,23.36,23.36,4521894,58.66,1.0,High Conviction Low Price,high_conviction_low_price,2026-10-01,"Q2 2026, Q1 2026, Q4 2025",3
SLM,SLM Corp.,22.63,2,"Glenn Greenberg, Michael Burry",360395000,15.86,24.16,13861199,52.69,4.0,High Conviction Low Price,high_conviction_low_price,2026-10-01,"Q2 2026, Q1 2026, Q4 2025",3
CNH,CNH Industrial NV,12.85,1,Tweedy Browne,225901000,17.11,17.11,20115883,47.37,4.0,High Conviction Low Price,high_conviction_low_price,2026-10-01,"Q2 2026, Q1 2026, Q4 2025",3
UAA,Under Armour Inc.,4.46,1,Prem Watsa,289831000,10.98,10.98,45356965,43.5,3.0,Deep Conviction Bargain,high_conviction_low_price,2026-10-01,"Q2 2026, Q1 2026, Q4 2025",3
XRAY,DENTSPLY SIRONA Inc.,8.86,1,Alex Roepers,23374000,12.18,12.18,2203000,41.5,7.0,Deep Conviction Bargain,high_conviction_low_price,2026-10-01,"Q2 2026, Q1 2026, Q4 2025",3
EVH,Evolent Health Inc.,3.49,1,Glenn Welling,30156000,9.34,9.34,5563912,41.19,2.0,High Conviction Low Price,high_conviction_low_price,2026-10-01,"Q2 2026, Q1 2026, Q4 2025",3
BAYRY,Bayer Ag Sponsored ADR,13.89,1,Kahn Brothers Group,89308000,14.12,14.12,6518603,40.35,1.0,High Conviction Low Price,high_conviction_low_price,2026-10-01,"Q2 2026, Q1 2026, Q4 2025",3
AIIR,Air Holdings Ltd,7.64,1,Greg Alexander,64381000,10.61,10.61,9666791,39.58,1.0,Deep Conviction Bargain,high_conviction_low_price,2026-10-01,"Q2 2026, Q1 2026, Q4 2025",3
RKT,Rocket Companies Inc.,11.51,2,"ValueAct Capital, Leon Cooperman",987294000,10.49,11.65,62685374,38.79,11.0,High Conviction Low Price,high_conviction_low_price,2026-10-01,"Q2 2026, Q1 2026, Q4 2025",3
GTN,Gray Television Inc.,4.5,1,Bill Miller,28756000,6.8,6.8,7243390,35.1,3.0,High Conviction Low Price,high_conviction_low_price,2026-10-01,"Q2 2026, Q1 2026, Q4 2025",3
FLG,Flagstar Financial Inc.,11.67,1,Kahn Brothers Group,60876000,9.62,9.62,4074720,33.57,2.0,High Conviction Low Price,high_conviction_low_price,2026-10-01,"Q2 2026, Q1 2026, Q4 2025",3
PTLO,Portillo's Inc Cl A,3.53,1,Glenn Welling,16320000,5.05,5.05,3442990,32.57,2.0,High Conviction Low Price,high_conviction_low_price,2026-10-01,"Q2 2026, Q1 2026, Q4 2025",3
UA,Under Armour CL C,4.35,1,Prem Watsa,136615000,5.18,5.18,21999128,32.01,2.0,High Conviction Low Price,high_conviction_low_price,2026-10-01,"Q2 2026, Q1 2026, Q4 2025",3
WEN,Wendy's Co.,6.38,1,Nelson Peltz,252583000,5.97,5.97,30468434,31.56,6.0,High Conviction Low Price,high_conviction_low_price,2026-10-01,"Q2 2026, Q1 2026, Q4 2025",3
MAT,Mattel Inc.,12.66,1,Mason Hawkins,171036000,8.92,8.92,12322555,31.18,5.0,High Conviction Low Price,high_conviction_low_price,2026-10-01,"Q2 2026, Q1 2026, Q4 2025",3
NOMD,Nomad Foods Ltd,10.33,1,Alex Roepers,14605000,7.61,7.61,1333772,30.89,2.0,High Conviction Low Price,high_conviction_low_price,2026-10-01,"Q2 2026, Q1 2026, Q4 2025",3
BLMN,Bloomin Brands Inc.,7.75,1,Bill Miller,23635000,5.59,5.59,2585909,29.43,2.0,High Conviction Low Price,high_conviction_low_price,2026-10-01,"Q2 2026, Q1 2026, Q4 2025",3
KHC,Kraft Heinz Co.,22.72,1,Prem Watsa,337633000,12.8,12.8,14306500,28.880000000000003,9.0,High Conviction Low Price,high_conviction_low_price,2026-10-01,"Q2 2026, Q1 2026, Q4 2025",3
RYN,Rayonier Inc.,18.36,1,Mason Hawkins,201976000,10.54,10.54,9491347,28.72,2.0,High Conviction Low Price,high_conviction_low_price,2026-10-01,"Q2 2026, Q1 2026, Q4 2025",3
CCL,Carnival Corp.,24.54,1,Sarah Ketterer,1176816000,12.78,12.78,41190606,27.02,5.0,High Conviction Low Price,high_conviction_low_price,2026-10-01,"Q2 2026, Q1 2026, Q4 2025",3
QUAD,Quad/Graphics Inc.,9.23,1,Bill Miller,21398000,5.06,5.06,2538299,26.89,1.0,High Conviction Low Price,high_conviction_low_price,2026-10-01,"Q2 2026, Q1 2026, Q4 2025",3
ACI,Albertsons Co Inc.,11.61,1,Mason Hawkins,116848000,6.09,6.09,8636262,26.57,3.0,High Conviction Low Price,high_conviction_low_price,2026-10-01,"Q2 2026, Q1 2026, Q4 2025",3
CPNG,Coupang Inc.,13.87,1,Dennis Hong,15982000,6.89,6.89,920068,25.91,12.0,High Conviction Low Price,high_conviction_low_price,2026-10-01,"Q2 2026, Q1 2026, Q4 2025",3
CLF,Cleveland-Cliffs Inc.,11.01,1,Prem Watsa,139904000,5.3,5.3,14899273,25.59,1.0,High Conviction Low Price,high_conviction_low_price,2026-10-01,"Q2 2026, Q1 2026, Q4 2025",3
GPGI,GPGI Inc.,11.87,1,Leon Cooperman,180444000,5.09,5.09,11384508,24.31,2.0,High Conviction Low Price,high_conviction_low_price,2026-10-01,"Q2 2026, Q1 2026, Q4 2025",3
OGN,Organon & Co.,13.7,1,Kahn Brothers Group,36159000,5.72,5.72,2670523,23.74,2.0,High Conviction Low Price,high_conviction_low_price,2026-10-01,"Q2 2026, Q1 2026, Q4 2025",3
ET,Energy Transfer LP,19.77,1,Leon Cooperman,254680000,7.18,7.18,13320100,20.59,4.0,High Conviction Low Price,high_conviction_low_price,2026-10-01,"Q2 2026, Q1 2026, Q4 2025",3
