ticker,company_name,current_price,manager_count,managers,total_value,avg_portfolio_pct,avg_reported_price,max_portfolio_pct,price_change_pct,52_week_low,discount_to_52w_low_pct,recent_buy_count,value_opportunity_score,value_type,_analysis_type,_generated,_periods,_window_quarters
MSFT,Microsoft Corp.,512.9,37,"First Eagle Investment Management, Muhlenkamp, AltaRock Partners, Kahn Brothers Group, Viking Global Investors, +5 more",14687184000,3.94,373.06054054054056,20.54,37.484387723462014,348.54,47.15671085097835,54.0,95.61392121420783,Active Accumulation,value_price_opportunities,2026-10-01,"Q2 2026, Q1 2026, Q4 2025",3
AMZN,Amazon.com Inc.,249.15,34,"AltaRock Partners, Viking Global Investors, Glenn Greenberg, Bill Ackman, Daniel Loeb, +5 more",20776721000,7.03,238.3473529411765,32.21,4.532312578898065,196.0,27.117346938775512,42.0,83.16119147659063,Active Accumulation,value_price_opportunities,2026-10-01,"Q2 2026, Q1 2026, Q4 2025",3
META,Meta Platforms Inc.,725.18,31,"First Eagle Investment Management, Viking Global Investors, Glenn Greenberg, Bill Ackman, David Rolfe, +5 more",14823867000,4.18,563.2896774193548,20.45,28.74015432385102,519.37,39.62685561353177,38.0,74.10833463867826,Active Accumulation,value_price_opportunities,2026-10-01,"Q2 2026, Q1 2026, Q4 2025",3
V,Visa Inc.,359.33,30,"AltaRock Partners, Viking Global Investors, Glenn Greenberg, Bill Ackman, Stephen Mandel, +5 more",22570783000,4.68,343.073,19.83,4.738641630206984,292.74,22.747147639543613,35.0,71.20380928468948,Active Accumulation,value_price_opportunities,2026-10-01,"Q2 2026, Q1 2026, Q4 2025",3
GOOG,Alphabet Inc. CL C,340.74,34,"First Eagle Investment Management, Kahn Brothers Group, Glenn Greenberg, David Tepper, Duan Yongping, +5 more",30919831000,6.23,353.33029411764704,23.39,-3.563321438114472,236.07,44.33854365230653,23.0,63.60970769324286,Active Accumulation,value_price_opportunities,2026-10-01,"Q2 2026, Q1 2026, Q4 2025",3
GOOGL,Alphabet Inc.,344.08,36,"First Eagle Investment Management, AltaRock Partners, Glenn Greenberg, Daniel Loeb, Stephen Mandel, +5 more",43755497000,4.75,354.31972222222225,24.55,-2.889966767302928,235.23,46.27385962674829,20.0,61.637355927678726,Active Accumulation,value_price_opportunities,2026-10-01,"Q2 2026, Q1 2026, Q4 2025",3
BRK.B,Berkshire Hathaway CL B,497.95,26,"First Eagle Investment Management, Muhlenkamp, Duan Yongping, Christopher Bloomstran, Chuck Akre, +5 more",16239545000,7.62,500.3842307692308,33.89,-0.486472318579804,464.01,7.314497532380767,26.0,60.541954202481534,Active Accumulation,value_price_opportunities,2026-10-01,"Q2 2026, Q1 2026, Q4 2025",3
DIS,Walt Disney Co.,104.9,20,"First Eagle Investment Management, Kahn Brothers Group, Viking Global Investors, Duan Yongping, Christopher Bloomstran, +5 more",2421963000,1.77,96.252,9.55,8.984748368865073,91.48,14.66987319632707,29.0,54.15300634018365,Near 52W Low,value_price_opportunities,2026-10-01,"Q2 2026, Q1 2026, Q4 2025",3
TSM,Taiwan Semiconductor S.A.,456.19,24,"First Eagle Investment Management, Viking Global Investors, Daniel Loeb, Stephen Mandel, David Rolfe, +5 more",9742601000,3.37,477.5475,10.55,-4.472329977646194,264.08,72.7468948803393,20.0,47.94149625151228,Active Accumulation,value_price_opportunities,2026-10-01,"Q2 2026, Q1 2026, Q4 2025",3
UNH,United Health Group Inc.,367.08,17,"First Eagle Investment Management, Glenn Greenberg, Duan Yongping, Chase Coleman, Hillman Capital Management, +5 more",5467811000,1.46,415.5958823529412,6.05,-11.67381208838338,252.95,45.11958885155169,23.0,45.80790062215792,Price Discount,value_price_opportunities,2026-10-01,"Q2 2026, Q1 2026, Q4 2025",3
MA,Mastercard Inc.,551.47,21,"AltaRock Partners, Glenn Greenberg, Bill Ackman, Valley Forge Capital Management, Christopher Bloomstran, +5 more",6148680000,5.54,513.6185714285714,20.01,7.369559956944162,463.74,18.91792814939406,17.0,44.8243416877684,Active Accumulation,value_price_opportunities,2026-10-01,"Q2 2026, Q1 2026, Q4 2025",3
NVDA,NVIDIA Corp.,228.38,18,"David Tepper, Duan Yongping, Lee Ainslie, Bill Nygren, Chase Coleman, +5 more",7261980000,3.28,200.0822222222222,9.34,14.14307451381099,163.9,39.341061622940806,19.0,41.67266914107518,Active Accumulation,value_price_opportunities,2026-10-01,"Q2 2026, Q1 2026, Q4 2025",3
CMCSA,Comcast Corp.,21.76,14,"First Eagle Investment Management, Glenn Greenberg, David Einhorn, Bill Nygren, First Pacific Advisors, +5 more",4357701000,1.07,24.549285714285716,3.15,-11.361983182519118,21.28,2.2556390977443628,19.0,40.694614681616606,Near 52W Low,value_price_opportunities,2026-10-01,"Q2 2026, Q1 2026, Q4 2025",3
AAPL,Apple Inc.,333.02,22,"Muhlenkamp, Kahn Brothers Group, David Rolfe, Duan Yongping, Christopher Bloomstran, +5 more",74939400000,4.56,289.32318181818187,41.05,15.103116835372813,242.76,37.180754654803096,13.0,40.42118953998712,Active Accumulation,value_price_opportunities,2026-10-01,"Q2 2026, Q1 2026, Q4 2025",3
SPGI,S&P Global Inc.,394.47,14,"Glenn Greenberg, Bill Ackman, Valley Forge Capital Management, David Rolfe, Christopher Bloomstran, +5 more",7846649000,4.28,407.2507142857143,19.92,-3.1382914350759705,360.09,9.547613096725833,18.0,39.28920620360748,Active Accumulation,value_price_opportunities,2026-10-01,"Q2 2026, Q1 2026, Q4 2025",3
FISV,Fiserv Inc.,45.18,9,"First Eagle Investment Management, Bill Nygren, John Rogers, Hillman Capital Management, Mairs & Power Funds, +4 more",4344248000,1.19,49.05,2.79,-7.889908256880728,44.82,0.8032128514056212,21.0,37.13226545325031,Near 52W Low,value_price_opportunities,2026-10-01,"Q2 2026, Q1 2026, Q4 2025",3
FERG,Ferguson Enterprises Inc.,222.62,11,"First Eagle Investment Management, Henry Ellenbogen, First Pacific Advisors, Francois Rochon, Ruane Cunniff LP, +5 more",1963409000,2.53,237.29636363636365,6.88,-6.184824500241359,212.13,4.945080846650643,18.0,36.254710857715736,Near 52W Low,value_price_opportunities,2026-10-01,"Q2 2026, Q1 2026, Q4 2025",3
UBER,Uber Technologies Inc.,68.51,11,"Bill Ackman, David Tepper, Chase Coleman, First Pacific Advisors, Pat Dorsey, +5 more",4488951000,3.88,72.16,12.72,-5.058203991130808,65.41,4.739336492891009,17.0,35.7155830644907,Active Accumulation,value_price_opportunities,2026-10-01,"Q2 2026, Q1 2026, Q4 2025",3
AVGO,Broadcom Inc.,351.19,13,"David Tepper, Lee Ainslie, Bill Nygren, Chase Coleman, First Pacific Advisors, +5 more",1752812000,2.32,377.7376923076923,10.61,-7.0280760560340045,288.98,21.52744134542182,16.0,35.48885852855109,Value Opportunity,value_price_opportunities,2026-10-01,"Q2 2026, Q1 2026, Q4 2025",3
IEP,Icahn Enterprises,6.75,1,Carl Icahn,4458616000,53.95,7.21,53.95,-6.38002773925104,5.82,15.979381443298962,2.0,35.45203647568526,Near 52W Low,value_price_opportunities,2026-10-01,"Q2 2026, Q1 2026, Q4 2025",3
COF,Capital One Financial,193.07,16,"Viking Global Investors, Glenn Greenberg, Daniel Loeb, Abrams Bison Investments, Lee Ainslie, +5 more",8654828000,2.41,200.630625,7.13,-3.768430168624563,173.62,11.202626425527006,13.0,35.398242212448565,Near 52W Low,value_price_opportunities,2026-10-01,"Q2 2026, Q1 2026, Q4 2025",3
FICO,Fair Isaac Corp.,592.47,8,"Valley Forge Capital Management, Chuck Akre, John Rogers, Terry Smith, AKO Capital, +3 more",1659394000,5.96,1195.035,25.77,-50.422372566493856,586.05,1.0954696698234063,8.0,34.0090760298076,Active Accumulation,value_price_opportunities,2026-10-01,"Q2 2026, Q1 2026, Q4 2025",3
AON,Aon Plc,276.77,10,"Viking Global Investors, First Pacific Advisors, Dodge & Cox Funds, Seth Klarman, Wallace Weitz, +5 more",3869439000,1.56,331.702,4.91,-16.560647810384026,269.02,2.8808267043342504,15.0,33.949588226860094,Near 52W Low,value_price_opportunities,2026-10-01,"Q2 2026, Q1 2026, Q4 2025",3
GLD,SPDR Gold Trust,380.84,6,"First Eagle Investment Management, Muhlenkamp, David Einhorn, Francois Rochon, Mairs & Power Funds, +1 more",983419000,0.92,1383.4566666666667,2.35,-72.47185190717936,351.4,8.377916903813318,8.0,33.536307869578536,Near 52W Low,value_price_opportunities,2026-10-01,"Q2 2026, Q1 2026, Q4 2025",3
TMO,Thermo Fisher Scientific,675.05,11,"Viking Global Investors, First Pacific Advisors, Hillman Capital Management, Arnold Van Den Berg, Mairs & Power Funds, +5 more",3084625000,2.24,501.34363636363634,9.81,34.648163662013715,434.5,55.36248561565016,19.0,33.35414844649022,Value Opportunity,value_price_opportunities,2026-10-01,"Q2 2026, Q1 2026, Q4 2025",3
MCO,Moody's Corp.,454.13,17,"AltaRock Partners, Glenn Greenberg, Valley Forge Capital Management, Chuck Akre, Bill Nygren, +5 more",20032119000,4.57,452.8529411764706,19.14,0.2820029875949805,399.61,13.643302219664166,9.0,32.60518783019326,Active Accumulation,value_price_opportunities,2026-10-01,"Q2 2026, Q1 2026, Q4 2025",3
SUNB,Sunbelt Rentals Holdings Inc,73.21,11,"Glenn Greenberg, Christopher Bloomstran, Abrams Bison Investments, Bill Nygren, Francois Rochon, +5 more",6431651000,3.46,75.99363636363637,10.59,-3.662986135202724,60.16,21.692154255319146,15.0,32.37889860518368,Active Accumulation,value_price_opportunities,2026-10-01,"Q2 2026, Q1 2026, Q4 2025",3
ADBE,Adobe Inc.,239.94,10,"Bill Nygren, Hillman Capital Management, Mairs & Power Funds, Dodge & Cox Funds, Samantha McLemore, +5 more",1320643000,0.64,205.015,2.57,17.03533887764309,190.12,26.204502419524506,18.0,32.01077487902377,Value Opportunity,value_price_opportunities,2026-10-01,"Q2 2026, Q1 2026, Q4 2025",3
ORCL,Oracle Corp.,137.3,14,"First Eagle Investment Management, Bill Nygren, John Rogers, Hillman Capital Management, Mairs & Power Funds, +5 more",1993536000,0.96,146.53857142857143,4.51,-6.304532205075206,114.5,19.912663755458524,12.0,31.74420182467069,Near 52W Low,value_price_opportunities,2026-10-01,"Q2 2026, Q1 2026, Q4 2025",3
SCHW,Charles Schwab Corp.,97.74,11,"Viking Global Investors, Bill Nygren, Francois Rochon, John Rogers, Mairs & Power Funds, +5 more",11497015000,2.52,92.26727272727273,6.56,5.931385106508755,83.72,16.746297181079786,15.0,31.422230595491467,Near 52W Low,value_price_opportunities,2026-10-01,"Q2 2026, Q1 2026, Q4 2025",3
ELV,Elevance Health Inc.,388.82,12,"First Eagle Investment Management, Glenn Greenberg, Bill Nygren, Arnold Van Den Berg, Ruane Cunniff LP, +5 more",5160316000,3.12,386.74916666666667,9.11,0.5354461009396683,270.87,43.54487392476095,15.0,31.38442297042862,Active Accumulation,value_price_opportunities,2026-10-01,"Q2 2026, Q1 2026, Q4 2025",3
EFX,Equifax Inc.,137.24,9,"Bill Nygren, Hillman Capital Management, Wallace Weitz, AKO Capital, Vulcan Value Partners, +4 more",1557577000,1.1,158.72666666666666,2.27,-13.53689781175185,137.01,0.1678709583242232,14.0,31.25009712554527,Near 52W Low,value_price_opportunities,2026-10-01,"Q2 2026, Q1 2026, Q4 2025",3
NFLX,Netflix Inc.,69.58,11,"Bill Ackman, Christopher Bloomstran, Bill Nygren, First Pacific Advisors, Josh Tarasoff, +5 more",2667183000,1.85,71.4109090909091,5.41,-2.563906711477763,65.08,6.914566687154272,14.0,31.0906893715742,Near 52W Low,value_price_opportunities,2026-10-01,"Q2 2026, Q1 2026, Q4 2025",3
CVNA,Carvana Co.,62.54,7,"Viking Global Investors, Stephen Mandel, Lee Ainslie, Henry Ellenbogen, Clifford Sosin, +2 more",3722970000,17.37,65.82142857142857,78.85,-4.985349972870319,54.46,14.836577304443624,10.0,30.94024112935188,Active Accumulation,value_price_opportunities,2026-10-01,"Q2 2026, Q1 2026, Q4 2025",3
HD,Home Depot,284.49,10,"First Eagle Investment Management, Viking Global Investors, Stephen Mandel, Bill & Melinda Gates Foundation Trust, Mairs & Power Funds, +5 more",2024989000,1.26,352.653,5.61,-19.32863182788747,284.01,0.1690081335164318,11.0,30.484775958901672,Near 52W Low,value_price_opportunities,2026-10-01,"Q2 2026, Q1 2026, Q4 2025",3
JPM,JPMorgan Chase & Co.,330.83,15,"Kahn Brothers Group, Viking Global Investors, Glenn Greenberg, Bill Nygren, Francois Rochon, +5 more",1721146000,0.8,327.3226666666667,3.54,1.071521678914168,276.43,19.679484860543347,11.0,30.414025756972837,Near 52W Low,value_price_opportunities,2026-10-01,"Q2 2026, Q1 2026, Q4 2025",3
BRK.A,Berkshire Hathaway CL A,747005.0,17,"First Eagle Investment Management, Christopher Bloomstran, Norbert Lou, Bruce Berkowitz, Francois Rochon, +5 more",3540571000,8.48,748852.6876470587,42.42,-0.2467357969782138,698000.0,7.020773638968482,4.0,29.937132006858985,Active Accumulation,value_price_opportunities,2026-10-01,"Q2 2026, Q1 2026, Q4 2025",3
CPNG,Coupang Inc.,13.87,8,"Bill Miller, Henry Ellenbogen, Bill & Melinda Gates Foundation Trust, Bill Nygren, Chase Coleman, +3 more",2607085000,2.0,17.37,6.89,-20.149683362118605,13.41,3.4302759134973835,12.0,29.86092287674885,Near 52W Low,value_price_opportunities,2026-10-01,"Q2 2026, Q1 2026, Q4 2025",3
ACN,Accenture,183.37,12,"First Eagle Investment Management, Bill Nygren, Hillman Capital Management, Ruane Cunniff LP, Wallace Weitz, +5 more",1614207000,1.16,124.43583333333332,4.86,47.36108971826176,116.75,57.062098501070665,15.0,29.7289784082798,Value Opportunity,value_price_opportunities,2026-10-01,"Q2 2026, Q1 2026, Q4 2025",3
UNP,Union Pacific,272.13,11,"Viking Global Investors, Daniel Loeb, Bill Nygren, Mairs & Power Funds, Dodge & Cox Funds, +5 more",2148935000,1.08,271.99454545454546,5.95,0.0498004639130428,211.08,28.9226833428084,14.0,29.095229469223217,Value Opportunity,value_price_opportunities,2026-10-01,"Q2 2026, Q1 2026, Q4 2025",3
