sequence_pattern,total_occurrences,most_likely_next_action,predictive_strength,unique_tickers,unique_managers,pattern_score,buy_count,add_count,reduce_count,sell_count,_analysis_type,_generated,_periods,_window_quarters
Reduce → Reduce → Reduce,6498,Reduce,62.28070175438597,1010,83,45382.56015591032,333,1473,4047,645,action_sequence_patterns,2026-08-01,"Q2 2026, Q1 2026, Q4 2025, Q3 2025, Q2 2025, Q1 2025, Q4 2024, Q3 2024, Q2 2024, Q1 2024, Q4 2023, Q3 2023, Q2 2023, Q1 2023, Q4 2022, Q3 2022, Q2 2022, Q1 2022, Q4 2021, Q3 2021, Q2 2021, Q1 2021, Q4 2020, Q3 2020, Q2 2020, Q1 2020, Q4 2019, Q3 2019, Q2 2019, Q1 2019, Q4 2018, Q3 2018, Q2 2018, Q1 2018, Q4 2017, Q3 2017, Q2 2017, Q1 2017, Q4 2016, Q3 2016",40
Add → Add → Add,3559,Add,54.45349817364428,935,83,36958.160726997936,233,1938,1185,203,action_sequence_patterns,2026-08-01,"Q2 2026, Q1 2026, Q4 2025, Q3 2025, Q2 2025, Q1 2025, Q4 2024, Q3 2024, Q2 2024, Q1 2024, Q4 2023, Q3 2023, Q2 2023, Q1 2023, Q4 2022, Q3 2022, Q2 2022, Q1 2022, Q4 2021, Q3 2021, Q2 2021, Q1 2021, Q4 2020, Q3 2020, Q2 2020, Q1 2020, Q4 2019, Q3 2019, Q2 2019, Q1 2019, Q4 2018, Q3 2018, Q2 2018, Q1 2018, Q4 2017, Q3 2017, Q2 2017, Q1 2017, Q4 2016, Q3 2016",40
Add → Reduce → Reduce,3187,Reduce,54.40853467210543,1102,83,36429.08917858713,192,925,1734,336,action_sequence_patterns,2026-08-01,"Q2 2026, Q1 2026, Q4 2025, Q3 2025, Q2 2025, Q1 2025, Q4 2024, Q3 2024, Q2 2024, Q1 2024, Q4 2023, Q3 2023, Q2 2023, Q1 2023, Q4 2022, Q3 2022, Q2 2022, Q1 2022, Q4 2021, Q3 2021, Q2 2021, Q1 2021, Q4 2020, Q3 2020, Q2 2020, Q1 2020, Q4 2019, Q3 2019, Q2 2019, Q1 2019, Q4 2018, Q3 2018, Q2 2018, Q1 2018, Q4 2017, Q3 2017, Q2 2017, Q1 2017, Q4 2016, Q3 2016",40
Reduce → Add → Reduce,2829,Reduce,53.34040296924708,816,83,35186.387346051866,156,942,1509,222,action_sequence_patterns,2026-08-01,"Q2 2026, Q1 2026, Q4 2025, Q3 2025, Q2 2025, Q1 2025, Q4 2024, Q3 2024, Q2 2024, Q1 2024, Q4 2023, Q3 2023, Q2 2023, Q1 2023, Q4 2022, Q3 2022, Q2 2022, Q1 2022, Q4 2021, Q3 2021, Q2 2021, Q1 2021, Q4 2020, Q3 2020, Q2 2020, Q1 2020, Q4 2019, Q3 2019, Q2 2019, Q1 2019, Q4 2018, Q3 2018, Q2 2018, Q1 2018, Q4 2017, Q3 2017, Q2 2017, Q1 2017, Q4 2016, Q3 2016",40
Reduce → Reduce → Add,2730,Reduce,52.71062271062272,871,83,34615.103976316335,147,916,1439,228,action_sequence_patterns,2026-08-01,"Q2 2026, Q1 2026, Q4 2025, Q3 2025, Q2 2025, Q1 2025, Q4 2024, Q3 2024, Q2 2024, Q1 2024, Q4 2023, Q3 2023, Q2 2023, Q1 2023, Q4 2022, Q3 2022, Q2 2022, Q1 2022, Q4 2021, Q3 2021, Q2 2021, Q1 2021, Q4 2020, Q3 2020, Q2 2020, Q1 2020, Q4 2019, Q3 2019, Q2 2019, Q1 2019, Q4 2018, Q3 2018, Q2 2018, Q1 2018, Q4 2017, Q3 2017, Q2 2017, Q1 2017, Q4 2016, Q3 2016",40
Reduce → Sell → Reduce,716,Reduce,59.49720670391061,438,82,32071.47983132252,70,140,426,80,action_sequence_patterns,2026-08-01,"Q2 2026, Q1 2026, Q4 2025, Q3 2025, Q2 2025, Q1 2025, Q4 2024, Q3 2024, Q2 2024, Q1 2024, Q4 2023, Q3 2023, Q2 2023, Q1 2023, Q4 2022, Q3 2022, Q2 2022, Q1 2022, Q4 2021, Q3 2021, Q2 2021, Q1 2021, Q4 2020, Q3 2020, Q2 2020, Q1 2020, Q4 2019, Q3 2019, Q2 2019, Q1 2019, Q4 2018, Q3 2018, Q2 2018, Q1 2018, Q4 2017, Q3 2017, Q2 2017, Q1 2017, Q4 2016, Q3 2016",40
Buy → Add → Add,973,Add,54.77903391572456,752,83,31282.76581827612,54,533,292,94,action_sequence_patterns,2026-08-01,"Q2 2026, Q1 2026, Q4 2025, Q3 2025, Q2 2025, Q1 2025, Q4 2024, Q3 2024, Q2 2024, Q1 2024, Q4 2023, Q3 2023, Q2 2023, Q1 2023, Q4 2022, Q3 2022, Q2 2022, Q1 2022, Q4 2021, Q3 2021, Q2 2021, Q1 2021, Q4 2020, Q3 2020, Q2 2020, Q1 2020, Q4 2019, Q3 2019, Q2 2019, Q1 2019, Q4 2018, Q3 2018, Q2 2018, Q1 2018, Q4 2017, Q3 2017, Q2 2017, Q1 2017, Q4 2016, Q3 2016",40
Add → Add → Reduce,2573,Reduce,47.18227749708511,1059,83,30752.68698100012,149,975,1214,235,action_sequence_patterns,2026-08-01,"Q2 2026, Q1 2026, Q4 2025, Q3 2025, Q2 2025, Q1 2025, Q4 2024, Q3 2024, Q2 2024, Q1 2024, Q4 2023, Q3 2023, Q2 2023, Q1 2023, Q4 2022, Q3 2022, Q2 2022, Q1 2022, Q4 2021, Q3 2021, Q2 2021, Q1 2021, Q4 2020, Q3 2020, Q2 2020, Q1 2020, Q4 2019, Q3 2019, Q2 2019, Q1 2019, Q4 2018, Q3 2018, Q2 2018, Q1 2018, Q4 2017, Q3 2017, Q2 2017, Q1 2017, Q4 2016, Q3 2016",40
Add → Reduce → Add,2251,Reduce,46.24611283873834,765,83,29629.31922007394,171,870,1041,169,action_sequence_patterns,2026-08-01,"Q2 2026, Q1 2026, Q4 2025, Q3 2025, Q2 2025, Q1 2025, Q4 2024, Q3 2024, Q2 2024, Q1 2024, Q4 2023, Q3 2023, Q2 2023, Q1 2023, Q4 2022, Q3 2022, Q2 2022, Q1 2022, Q4 2021, Q3 2021, Q2 2021, Q1 2021, Q4 2020, Q3 2020, Q2 2020, Q1 2020, Q4 2019, Q3 2019, Q2 2019, Q1 2019, Q4 2018, Q3 2018, Q2 2018, Q1 2018, Q4 2017, Q3 2017, Q2 2017, Q1 2017, Q4 2016, Q3 2016",40
Sell → Reduce → Reduce,756,Reduce,53.57142857142857,454,83,29471.112547655423,73,182,405,96,action_sequence_patterns,2026-08-01,"Q2 2026, Q1 2026, Q4 2025, Q3 2025, Q2 2025, Q1 2025, Q4 2024, Q3 2024, Q2 2024, Q1 2024, Q4 2023, Q3 2023, Q2 2023, Q1 2023, Q4 2022, Q3 2022, Q2 2022, Q1 2022, Q4 2021, Q3 2021, Q2 2021, Q1 2021, Q4 2020, Q3 2020, Q2 2020, Q1 2020, Q4 2019, Q3 2019, Q2 2019, Q1 2019, Q4 2018, Q3 2018, Q2 2018, Q1 2018, Q4 2017, Q3 2017, Q2 2017, Q1 2017, Q4 2016, Q3 2016",40
Reduce → Add → Add,2048,Reduce,45.80078125,783,83,28984.72102287372,141,831,938,138,action_sequence_patterns,2026-08-01,"Q2 2026, Q1 2026, Q4 2025, Q3 2025, Q2 2025, Q1 2025, Q4 2024, Q3 2024, Q2 2024, Q1 2024, Q4 2023, Q3 2023, Q2 2023, Q1 2023, Q4 2022, Q3 2022, Q2 2022, Q1 2022, Q4 2021, Q3 2021, Q2 2021, Q1 2021, Q4 2020, Q3 2020, Q2 2020, Q1 2020, Q4 2019, Q3 2019, Q2 2019, Q1 2019, Q4 2018, Q3 2018, Q2 2018, Q1 2018, Q4 2017, Q3 2017, Q2 2017, Q1 2017, Q4 2016, Q3 2016",40
Reduce → Reduce → Buy,617,Reduce,53.970826580226905,383,83,28780.70582685916,41,175,333,68,action_sequence_patterns,2026-08-01,"Q2 2026, Q1 2026, Q4 2025, Q3 2025, Q2 2025, Q1 2025, Q4 2024, Q3 2024, Q2 2024, Q1 2024, Q4 2023, Q3 2023, Q2 2023, Q1 2023, Q4 2022, Q3 2022, Q2 2022, Q1 2022, Q4 2021, Q3 2021, Q2 2021, Q1 2021, Q4 2020, Q3 2020, Q2 2020, Q1 2020, Q4 2019, Q3 2019, Q2 2019, Q1 2019, Q4 2018, Q3 2018, Q2 2018, Q1 2018, Q4 2017, Q3 2017, Q2 2017, Q1 2017, Q4 2016, Q3 2016",40
Buy → Reduce → Reduce,708,Reduce,50.1412429378531,467,83,27311.07559614201,41,180,355,132,action_sequence_patterns,2026-08-01,"Q2 2026, Q1 2026, Q4 2025, Q3 2025, Q2 2025, Q1 2025, Q4 2024, Q3 2024, Q2 2024, Q1 2024, Q4 2023, Q3 2023, Q2 2023, Q1 2023, Q4 2022, Q3 2022, Q2 2022, Q1 2022, Q4 2021, Q3 2021, Q2 2021, Q1 2021, Q4 2020, Q3 2020, Q2 2020, Q1 2020, Q4 2019, Q3 2019, Q2 2019, Q1 2019, Q4 2018, Q3 2018, Q2 2018, Q1 2018, Q4 2017, Q3 2017, Q2 2017, Q1 2017, Q4 2016, Q3 2016",40
Add → Add → Buy,481,Add,50.31185031185032,352,83,25789.702700071583,43,242,148,48,action_sequence_patterns,2026-08-01,"Q2 2026, Q1 2026, Q4 2025, Q3 2025, Q2 2025, Q1 2025, Q4 2024, Q3 2024, Q2 2024, Q1 2024, Q4 2023, Q3 2023, Q2 2023, Q1 2023, Q4 2022, Q3 2022, Q2 2022, Q1 2022, Q4 2021, Q3 2021, Q2 2021, Q1 2021, Q4 2020, Q3 2020, Q2 2020, Q1 2020, Q4 2019, Q3 2019, Q2 2019, Q1 2019, Q4 2018, Q3 2018, Q2 2018, Q1 2018, Q4 2017, Q3 2017, Q2 2017, Q1 2017, Q4 2016, Q3 2016",40
Reduce → Buy → Reduce,608,Reduce,48.35526315789473,354,83,25727.152544364868,37,204,294,73,action_sequence_patterns,2026-08-01,"Q2 2026, Q1 2026, Q4 2025, Q3 2025, Q2 2025, Q1 2025, Q4 2024, Q3 2024, Q2 2024, Q1 2024, Q4 2023, Q3 2023, Q2 2023, Q1 2023, Q4 2022, Q3 2022, Q2 2022, Q1 2022, Q4 2021, Q3 2021, Q2 2021, Q1 2021, Q4 2020, Q3 2020, Q2 2020, Q1 2020, Q4 2019, Q3 2019, Q2 2019, Q1 2019, Q4 2018, Q3 2018, Q2 2018, Q1 2018, Q4 2017, Q3 2017, Q2 2017, Q1 2017, Q4 2016, Q3 2016",40
Sell → Add → Add,480,Add,47.5,365,83,24340.151714633383,60,228,151,41,action_sequence_patterns,2026-08-01,"Q2 2026, Q1 2026, Q4 2025, Q3 2025, Q2 2025, Q1 2025, Q4 2024, Q3 2024, Q2 2024, Q1 2024, Q4 2023, Q3 2023, Q2 2023, Q1 2023, Q4 2022, Q3 2022, Q2 2022, Q1 2022, Q4 2021, Q3 2021, Q2 2021, Q1 2021, Q4 2020, Q3 2020, Q2 2020, Q1 2020, Q4 2019, Q3 2019, Q2 2019, Q1 2019, Q4 2018, Q3 2018, Q2 2018, Q1 2018, Q4 2017, Q3 2017, Q2 2017, Q1 2017, Q4 2016, Q3 2016",40
Add → Buy → Add,515,Add,46.79611650485437,356,83,24252.829226014896,42,241,159,73,action_sequence_patterns,2026-08-01,"Q2 2026, Q1 2026, Q4 2025, Q3 2025, Q2 2025, Q1 2025, Q4 2024, Q3 2024, Q2 2024, Q1 2024, Q4 2023, Q3 2023, Q2 2023, Q1 2023, Q4 2022, Q3 2022, Q2 2022, Q1 2022, Q4 2021, Q3 2021, Q2 2021, Q1 2021, Q4 2020, Q3 2020, Q2 2020, Q1 2020, Q4 2019, Q3 2019, Q2 2019, Q1 2019, Q4 2018, Q3 2018, Q2 2018, Q1 2018, Q4 2017, Q3 2017, Q2 2017, Q1 2017, Q4 2016, Q3 2016",40
Reduce → Buy → Add,388,Reduce,48.1958762886598,280,82,23558.26182417095,30,121,187,50,action_sequence_patterns,2026-08-01,"Q2 2026, Q1 2026, Q4 2025, Q3 2025, Q2 2025, Q1 2025, Q4 2024, Q3 2024, Q2 2024, Q1 2024, Q4 2023, Q3 2023, Q2 2023, Q1 2023, Q4 2022, Q3 2022, Q2 2022, Q1 2022, Q4 2021, Q3 2021, Q2 2021, Q1 2021, Q4 2020, Q3 2020, Q2 2020, Q1 2020, Q4 2019, Q3 2019, Q2 2019, Q1 2019, Q4 2018, Q3 2018, Q2 2018, Q1 2018, Q4 2017, Q3 2017, Q2 2017, Q1 2017, Q4 2016, Q3 2016",40
Add → Sell → Reduce,418,Reduce,47.368421052631575,302,82,23443.08051159616,30,145,198,45,action_sequence_patterns,2026-08-01,"Q2 2026, Q1 2026, Q4 2025, Q3 2025, Q2 2025, Q1 2025, Q4 2024, Q3 2024, Q2 2024, Q1 2024, Q4 2023, Q3 2023, Q2 2023, Q1 2023, Q4 2022, Q3 2022, Q2 2022, Q1 2022, Q4 2021, Q3 2021, Q2 2021, Q1 2021, Q4 2020, Q3 2020, Q2 2020, Q1 2020, Q4 2019, Q3 2019, Q2 2019, Q1 2019, Q4 2018, Q3 2018, Q2 2018, Q1 2018, Q4 2017, Q3 2017, Q2 2017, Q1 2017, Q4 2016, Q3 2016",40
Reduce → Reduce → Sell,1032,Reduce,40.69767441860465,663,83,23440.15431773323,260,214,420,138,action_sequence_patterns,2026-08-01,"Q2 2026, Q1 2026, Q4 2025, Q3 2025, Q2 2025, Q1 2025, Q4 2024, Q3 2024, Q2 2024, Q1 2024, Q4 2023, Q3 2023, Q2 2023, Q1 2023, Q4 2022, Q3 2022, Q2 2022, Q1 2022, Q4 2021, Q3 2021, Q2 2021, Q1 2021, Q4 2020, Q3 2020, Q2 2020, Q1 2020, Q4 2019, Q3 2019, Q2 2019, Q1 2019, Q4 2018, Q3 2018, Q2 2018, Q1 2018, Q4 2017, Q3 2017, Q2 2017, Q1 2017, Q4 2016, Q3 2016",40
Buy → Reduce → Add,531,Reduce,44.8210922787194,387,83,23343.06006923037,50,164,238,79,action_sequence_patterns,2026-08-01,"Q2 2026, Q1 2026, Q4 2025, Q3 2025, Q2 2025, Q1 2025, Q4 2024, Q3 2024, Q2 2024, Q1 2024, Q4 2023, Q3 2023, Q2 2023, Q1 2023, Q4 2022, Q3 2022, Q2 2022, Q1 2022, Q4 2021, Q3 2021, Q2 2021, Q1 2021, Q4 2020, Q3 2020, Q2 2020, Q1 2020, Q4 2019, Q3 2019, Q2 2019, Q1 2019, Q4 2018, Q3 2018, Q2 2018, Q1 2018, Q4 2017, Q3 2017, Q2 2017, Q1 2017, Q4 2016, Q3 2016",40
Add → Sell → Add,443,Add,46.50112866817156,321,82,23235.34549787865,44,206,156,37,action_sequence_patterns,2026-08-01,"Q2 2026, Q1 2026, Q4 2025, Q3 2025, Q2 2025, Q1 2025, Q4 2024, Q3 2024, Q2 2024, Q1 2024, Q4 2023, Q3 2023, Q2 2023, Q1 2023, Q4 2022, Q3 2022, Q2 2022, Q1 2022, Q4 2021, Q3 2021, Q2 2021, Q1 2021, Q4 2020, Q3 2020, Q2 2020, Q1 2020, Q4 2019, Q3 2019, Q2 2019, Q1 2019, Q4 2018, Q3 2018, Q2 2018, Q1 2018, Q4 2017, Q3 2017, Q2 2017, Q1 2017, Q4 2016, Q3 2016",40
Add → Reduce → Buy,396,Reduce,46.71717171717172,284,83,23193.084649952663,24,146,185,41,action_sequence_patterns,2026-08-01,"Q2 2026, Q1 2026, Q4 2025, Q3 2025, Q2 2025, Q1 2025, Q4 2024, Q3 2024, Q2 2024, Q1 2024, Q4 2023, Q3 2023, Q2 2023, Q1 2023, Q4 2022, Q3 2022, Q2 2022, Q1 2022, Q4 2021, Q3 2021, Q2 2021, Q1 2021, Q4 2020, Q3 2020, Q2 2020, Q1 2020, Q4 2019, Q3 2019, Q2 2019, Q1 2019, Q4 2018, Q3 2018, Q2 2018, Q1 2018, Q4 2017, Q3 2017, Q2 2017, Q1 2017, Q4 2016, Q3 2016",40
Sell → Buy → Sell,237,Buy,55.27426160337553,200,76,22970.46698951113,131,36,36,34,action_sequence_patterns,2026-08-01,"Q2 2026, Q1 2026, Q4 2025, Q3 2025, Q2 2025, Q1 2025, Q4 2024, Q3 2024, Q2 2024, Q1 2024, Q4 2023, Q3 2023, Q2 2023, Q1 2023, Q4 2022, Q3 2022, Q2 2022, Q1 2022, Q4 2021, Q3 2021, Q2 2021, Q1 2021, Q4 2020, Q3 2020, Q2 2020, Q1 2020, Q4 2019, Q3 2019, Q2 2019, Q1 2019, Q4 2018, Q3 2018, Q2 2018, Q1 2018, Q4 2017, Q3 2017, Q2 2017, Q1 2017, Q4 2016, Q3 2016",40
Buy → Add → Reduce,685,Reduce,41.75182481751825,523,83,22627.05757411222,58,221,286,120,action_sequence_patterns,2026-08-01,"Q2 2026, Q1 2026, Q4 2025, Q3 2025, Q2 2025, Q1 2025, Q4 2024, Q3 2024, Q2 2024, Q1 2024, Q4 2023, Q3 2023, Q2 2023, Q1 2023, Q4 2022, Q3 2022, Q2 2022, Q1 2022, Q4 2021, Q3 2021, Q2 2021, Q1 2021, Q4 2020, Q3 2020, Q2 2020, Q1 2020, Q4 2019, Q3 2019, Q2 2019, Q1 2019, Q4 2018, Q3 2018, Q2 2018, Q1 2018, Q4 2017, Q3 2017, Q2 2017, Q1 2017, Q4 2016, Q3 2016",40
Sell → Add → Reduce,418,Reduce,44.01913875598086,300,81,21519.812265633725,48,137,184,49,action_sequence_patterns,2026-08-01,"Q2 2026, Q1 2026, Q4 2025, Q3 2025, Q2 2025, Q1 2025, Q4 2024, Q3 2024, Q2 2024, Q1 2024, Q4 2023, Q3 2023, Q2 2023, Q1 2023, Q4 2022, Q3 2022, Q2 2022, Q1 2022, Q4 2021, Q3 2021, Q2 2021, Q1 2021, Q4 2020, Q3 2020, Q2 2020, Q1 2020, Q4 2019, Q3 2019, Q2 2019, Q1 2019, Q4 2018, Q3 2018, Q2 2018, Q1 2018, Q4 2017, Q3 2017, Q2 2017, Q1 2017, Q4 2016, Q3 2016",40
Reduce → Sell → Add,430,Reduce,42.32558139534884,327,83,21302.21845638024,35,164,182,49,action_sequence_patterns,2026-08-01,"Q2 2026, Q1 2026, Q4 2025, Q3 2025, Q2 2025, Q1 2025, Q4 2024, Q3 2024, Q2 2024, Q1 2024, Q4 2023, Q3 2023, Q2 2023, Q1 2023, Q4 2022, Q3 2022, Q2 2022, Q1 2022, Q4 2021, Q3 2021, Q2 2021, Q1 2021, Q4 2020, Q3 2020, Q2 2020, Q1 2020, Q4 2019, Q3 2019, Q2 2019, Q1 2019, Q4 2018, Q3 2018, Q2 2018, Q1 2018, Q4 2017, Q3 2017, Q2 2017, Q1 2017, Q4 2016, Q3 2016",40
Reduce → Add → Sell,462,Reduce,40.909090909090914,332,83,20833.03169835481,62,164,189,47,action_sequence_patterns,2026-08-01,"Q2 2026, Q1 2026, Q4 2025, Q3 2025, Q2 2025, Q1 2025, Q4 2024, Q3 2024, Q2 2024, Q1 2024, Q4 2023, Q3 2023, Q2 2023, Q1 2023, Q4 2022, Q3 2022, Q2 2022, Q1 2022, Q4 2021, Q3 2021, Q2 2021, Q1 2021, Q4 2020, Q3 2020, Q2 2020, Q1 2020, Q4 2019, Q3 2019, Q2 2019, Q1 2019, Q4 2018, Q3 2018, Q2 2018, Q1 2018, Q4 2017, Q3 2017, Q2 2017, Q1 2017, Q4 2016, Q3 2016",40
Sell → Reduce → Add,342,Reduce,42.69005847953216,248,82,20425.24974974079,43,120,146,33,action_sequence_patterns,2026-08-01,"Q2 2026, Q1 2026, Q4 2025, Q3 2025, Q2 2025, Q1 2025, Q4 2024, Q3 2024, Q2 2024, Q1 2024, Q4 2023, Q3 2023, Q2 2023, Q1 2023, Q4 2022, Q3 2022, Q2 2022, Q1 2022, Q4 2021, Q3 2021, Q2 2021, Q1 2021, Q4 2020, Q3 2020, Q2 2020, Q1 2020, Q4 2019, Q3 2019, Q2 2019, Q1 2019, Q4 2018, Q3 2018, Q2 2018, Q1 2018, Q4 2017, Q3 2017, Q2 2017, Q1 2017, Q4 2016, Q3 2016",40
Reduce → Add → Buy,400,Reduce,40.5,279,83,20140.308075103483,31,160,162,47,action_sequence_patterns,2026-08-01,"Q2 2026, Q1 2026, Q4 2025, Q3 2025, Q2 2025, Q1 2025, Q4 2024, Q3 2024, Q2 2024, Q1 2024, Q4 2023, Q3 2023, Q2 2023, Q1 2023, Q4 2022, Q3 2022, Q2 2022, Q1 2022, Q4 2021, Q3 2021, Q2 2021, Q1 2021, Q4 2020, Q3 2020, Q2 2020, Q1 2020, Q4 2019, Q3 2019, Q2 2019, Q1 2019, Q4 2018, Q3 2018, Q2 2018, Q1 2018, Q4 2017, Q3 2017, Q2 2017, Q1 2017, Q4 2016, Q3 2016",40
