ticker,company_name,total_value,first_buy_period,first_observed_year,years_held,total_historical_actions,net_accumulation,current_holders,unique_managers_all_time,winner_score,_analysis_type,_generated,_periods,_window_quarters
V,Visa Inc.,22570783000,Q1 2020,2008,18,406,-60,30,35,540,long_term_winners,2026-09-01,"Q2 2026, Q1 2026, Q4 2025, Q3 2025, Q2 2025, Q1 2025, Q4 2024, Q3 2024, Q2 2024, Q1 2024, Q4 2023, Q3 2023, Q2 2023, Q1 2023, Q4 2022, Q3 2022, Q2 2022, Q1 2022, Q4 2021, Q3 2021, Q2 2021, Q1 2021, Q4 2020, Q3 2020, Q2 2020, Q1 2020, Q4 2019, Q3 2019, Q2 2019, Q1 2019, Q4 2018, Q3 2018, Q2 2018, Q1 2018, Q4 2017, Q3 2017, Q2 2017, Q1 2017, Q4 2016, Q3 2016, Q2 2016, Q1 2016, Q4 2015, Q3 2015, Q2 2015, Q1 2015, Q4 2014, Q3 2014, Q2 2014, Q1 2014, Q4 2013, Q3 2013, Q2 2013, Q1 2013, Q4 2012, Q3 2012, Q2 2012, Q1 2012, Q4 2011, Q3 2011, Q2 2011, Q1 2011, Q4 2010, Q3 2010, Q2 2010, Q1 2010, Q4 2009, Q3 2009, Q2 2009, Q1 2009, Q4 2008, Q3 2008",72
BRK.B,Berkshire Hathaway CL B,16239545000,Q1 2014,2009,17,459,-149,26,33,442,long_term_winners,2026-09-01,"Q2 2026, Q1 2026, Q4 2025, Q3 2025, Q2 2025, Q1 2025, Q4 2024, Q3 2024, Q2 2024, Q1 2024, Q4 2023, Q3 2023, Q2 2023, Q1 2023, Q4 2022, Q3 2022, Q2 2022, Q1 2022, Q4 2021, Q3 2021, Q2 2021, Q1 2021, Q4 2020, Q3 2020, Q2 2020, Q1 2020, Q4 2019, Q3 2019, Q2 2019, Q1 2019, Q4 2018, Q3 2018, Q2 2018, Q1 2018, Q4 2017, Q3 2017, Q2 2017, Q1 2017, Q4 2016, Q3 2016, Q2 2016, Q1 2016, Q4 2015, Q3 2015, Q2 2015, Q1 2015, Q4 2014, Q3 2014, Q2 2014, Q1 2014, Q4 2013, Q3 2013, Q2 2013, Q1 2013, Q4 2012, Q3 2012, Q2 2012, Q1 2012, Q4 2011, Q3 2011, Q2 2011, Q1 2011, Q4 2010, Q3 2010, Q2 2010, Q1 2010, Q4 2009, Q3 2009, Q2 2009, Q1 2009, Q4 2008, Q3 2008",72
MA,Mastercard Inc.,6148680000,Q1 2011,2008,18,296,-62,21,28,378,long_term_winners,2026-09-01,"Q2 2026, Q1 2026, Q4 2025, Q3 2025, Q2 2025, Q1 2025, Q4 2024, Q3 2024, Q2 2024, Q1 2024, Q4 2023, Q3 2023, Q2 2023, Q1 2023, Q4 2022, Q3 2022, Q2 2022, Q1 2022, Q4 2021, Q3 2021, Q2 2021, Q1 2021, Q4 2020, Q3 2020, Q2 2020, Q1 2020, Q4 2019, Q3 2019, Q2 2019, Q1 2019, Q4 2018, Q3 2018, Q2 2018, Q1 2018, Q4 2017, Q3 2017, Q2 2017, Q1 2017, Q4 2016, Q3 2016, Q2 2016, Q1 2016, Q4 2015, Q3 2015, Q2 2015, Q1 2015, Q4 2014, Q3 2014, Q2 2014, Q1 2014, Q4 2013, Q3 2013, Q2 2013, Q1 2013, Q4 2012, Q3 2012, Q2 2012, Q1 2012, Q4 2011, Q3 2011, Q2 2011, Q1 2011, Q4 2010, Q3 2010, Q2 2010, Q1 2010, Q4 2009, Q3 2009, Q2 2009, Q1 2009, Q4 2008, Q3 2008",72
UNH,United Health Group Inc.,5467811000,Q1 2026,2008,18,282,-54,17,37,306,long_term_winners,2026-09-01,"Q2 2026, Q1 2026, Q4 2025, Q3 2025, Q2 2025, Q1 2025, Q4 2024, Q3 2024, Q2 2024, Q1 2024, Q4 2023, Q3 2023, Q2 2023, Q1 2023, Q4 2022, Q3 2022, Q2 2022, Q1 2022, Q4 2021, Q3 2021, Q2 2021, Q1 2021, Q4 2020, Q3 2020, Q2 2020, Q1 2020, Q4 2019, Q3 2019, Q2 2019, Q1 2019, Q4 2018, Q3 2018, Q2 2018, Q1 2018, Q4 2017, Q3 2017, Q2 2017, Q1 2017, Q4 2016, Q3 2016, Q2 2016, Q1 2016, Q4 2015, Q3 2015, Q2 2015, Q1 2015, Q4 2014, Q3 2014, Q2 2014, Q1 2014, Q4 2013, Q3 2013, Q2 2013, Q1 2013, Q4 2012, Q3 2012, Q2 2012, Q1 2012, Q4 2011, Q3 2011, Q2 2011, Q1 2011, Q4 2010, Q3 2010, Q2 2010, Q1 2010, Q4 2009, Q3 2009, Q2 2009, Q1 2009, Q4 2008, Q3 2008",72
BRK.A,Berkshire Hathaway CL A,3540571000,Q2 2020,2009,17,118,-54,17,16,289,long_term_winners,2026-09-01,"Q2 2026, Q1 2026, Q4 2025, Q3 2025, Q2 2025, Q1 2025, Q4 2024, Q3 2024, Q2 2024, Q1 2024, Q4 2023, Q3 2023, Q2 2023, Q1 2023, Q4 2022, Q3 2022, Q2 2022, Q1 2022, Q4 2021, Q3 2021, Q2 2021, Q1 2021, Q4 2020, Q3 2020, Q2 2020, Q1 2020, Q4 2019, Q3 2019, Q2 2019, Q1 2019, Q4 2018, Q3 2018, Q2 2018, Q1 2018, Q4 2017, Q3 2017, Q2 2017, Q1 2017, Q4 2016, Q3 2016, Q2 2016, Q1 2016, Q4 2015, Q3 2015, Q2 2015, Q1 2015, Q4 2014, Q3 2014, Q2 2014, Q1 2014, Q4 2013, Q3 2013, Q2 2013, Q1 2013, Q4 2012, Q3 2012, Q2 2012, Q1 2012, Q4 2011, Q3 2011, Q2 2011, Q1 2011, Q4 2010, Q3 2010, Q2 2010, Q1 2010, Q4 2009, Q3 2009, Q2 2009, Q1 2009, Q4 2008, Q3 2008",72
AXP,American Express,52363646000,Q1 2009,2009,17,127,-87,16,23,272,long_term_winners,2026-09-01,"Q2 2026, Q1 2026, Q4 2025, Q3 2025, Q2 2025, Q1 2025, Q4 2024, Q3 2024, Q2 2024, Q1 2024, Q4 2023, Q3 2023, Q2 2023, Q1 2023, Q4 2022, Q3 2022, Q2 2022, Q1 2022, Q4 2021, Q3 2021, Q2 2021, Q1 2021, Q4 2020, Q3 2020, Q2 2020, Q1 2020, Q4 2019, Q3 2019, Q2 2019, Q1 2019, Q4 2018, Q3 2018, Q2 2018, Q1 2018, Q4 2017, Q3 2017, Q2 2017, Q1 2017, Q4 2016, Q3 2016, Q2 2016, Q1 2016, Q4 2015, Q3 2015, Q2 2015, Q1 2015, Q4 2014, Q3 2014, Q2 2014, Q1 2014, Q4 2013, Q3 2013, Q2 2013, Q1 2013, Q4 2012, Q3 2012, Q2 2012, Q1 2012, Q4 2011, Q3 2011, Q2 2011, Q1 2011, Q4 2010, Q3 2010, Q2 2010, Q1 2010, Q4 2009, Q3 2009, Q2 2009, Q1 2009, Q4 2008, Q3 2008",72
CMCSA,Comcast Corp.,4357701000,Q1 2010,2007,19,166,4,14,26,266,long_term_winners,2026-09-01,"Q2 2026, Q1 2026, Q4 2025, Q3 2025, Q2 2025, Q1 2025, Q4 2024, Q3 2024, Q2 2024, Q1 2024, Q4 2023, Q3 2023, Q2 2023, Q1 2023, Q4 2022, Q3 2022, Q2 2022, Q1 2022, Q4 2021, Q3 2021, Q2 2021, Q1 2021, Q4 2020, Q3 2020, Q2 2020, Q1 2020, Q4 2019, Q3 2019, Q2 2019, Q1 2019, Q4 2018, Q3 2018, Q2 2018, Q1 2018, Q4 2017, Q3 2017, Q2 2017, Q1 2017, Q4 2016, Q3 2016, Q2 2016, Q1 2016, Q4 2015, Q3 2015, Q2 2015, Q1 2015, Q4 2014, Q3 2014, Q2 2014, Q1 2014, Q4 2013, Q3 2013, Q2 2013, Q1 2013, Q4 2012, Q3 2012, Q2 2012, Q1 2012, Q4 2011, Q3 2011, Q2 2011, Q1 2011, Q4 2010, Q3 2010, Q2 2010, Q1 2010, Q4 2009, Q3 2009, Q2 2009, Q1 2009, Q4 2008, Q3 2008",72
BAC,Bank of America Corp.,29551279000,Q1 2010,2010,16,227,-71,15,30,240,long_term_winners,2026-09-01,"Q2 2026, Q1 2026, Q4 2025, Q3 2025, Q2 2025, Q1 2025, Q4 2024, Q3 2024, Q2 2024, Q1 2024, Q4 2023, Q3 2023, Q2 2023, Q1 2023, Q4 2022, Q3 2022, Q2 2022, Q1 2022, Q4 2021, Q3 2021, Q2 2021, Q1 2021, Q4 2020, Q3 2020, Q2 2020, Q1 2020, Q4 2019, Q3 2019, Q2 2019, Q1 2019, Q4 2018, Q3 2018, Q2 2018, Q1 2018, Q4 2017, Q3 2017, Q2 2017, Q1 2017, Q4 2016, Q3 2016, Q2 2016, Q1 2016, Q4 2015, Q3 2015, Q2 2015, Q1 2015, Q4 2014, Q3 2014, Q2 2014, Q1 2014, Q4 2013, Q3 2013, Q2 2013, Q1 2013, Q4 2012, Q3 2012, Q2 2012, Q1 2012, Q4 2011, Q3 2011, Q2 2011, Q1 2011, Q4 2010, Q3 2010, Q2 2010, Q1 2010, Q4 2009, Q3 2009, Q2 2009, Q1 2009, Q4 2008, Q3 2008",72
WFC,Wells Fargo,5181510000,Q1 2009,2009,17,201,-93,14,27,238,long_term_winners,2026-09-01,"Q2 2026, Q1 2026, Q4 2025, Q3 2025, Q2 2025, Q1 2025, Q4 2024, Q3 2024, Q2 2024, Q1 2024, Q4 2023, Q3 2023, Q2 2023, Q1 2023, Q4 2022, Q3 2022, Q2 2022, Q1 2022, Q4 2021, Q3 2021, Q2 2021, Q1 2021, Q4 2020, Q3 2020, Q2 2020, Q1 2020, Q4 2019, Q3 2019, Q2 2019, Q1 2019, Q4 2018, Q3 2018, Q2 2018, Q1 2018, Q4 2017, Q3 2017, Q2 2017, Q1 2017, Q4 2016, Q3 2016, Q2 2016, Q1 2016, Q4 2015, Q3 2015, Q2 2015, Q1 2015, Q4 2014, Q3 2014, Q2 2014, Q1 2014, Q4 2013, Q3 2013, Q2 2013, Q1 2013, Q4 2012, Q3 2012, Q2 2012, Q1 2012, Q4 2011, Q3 2011, Q2 2011, Q1 2011, Q4 2010, Q3 2010, Q2 2010, Q1 2010, Q4 2009, Q3 2009, Q2 2009, Q1 2009, Q4 2008, Q3 2008",72
ELV,Elevance Health Inc.,5160316000,Q1 2025,2008,18,136,2,12,17,216,long_term_winners,2026-09-01,"Q2 2026, Q1 2026, Q4 2025, Q3 2025, Q2 2025, Q1 2025, Q4 2024, Q3 2024, Q2 2024, Q1 2024, Q4 2023, Q3 2023, Q2 2023, Q1 2023, Q4 2022, Q3 2022, Q2 2022, Q1 2022, Q4 2021, Q3 2021, Q2 2021, Q1 2021, Q4 2020, Q3 2020, Q2 2020, Q1 2020, Q4 2019, Q3 2019, Q2 2019, Q1 2019, Q4 2018, Q3 2018, Q2 2018, Q1 2018, Q4 2017, Q3 2017, Q2 2017, Q1 2017, Q4 2016, Q3 2016, Q2 2016, Q1 2016, Q4 2015, Q3 2015, Q2 2015, Q1 2015, Q4 2014, Q3 2014, Q2 2014, Q1 2014, Q4 2013, Q3 2013, Q2 2013, Q1 2013, Q4 2012, Q3 2012, Q2 2012, Q1 2012, Q4 2011, Q3 2011, Q2 2011, Q1 2011, Q4 2010, Q3 2010, Q2 2010, Q1 2010, Q4 2009, Q3 2009, Q2 2009, Q1 2009, Q4 2008, Q3 2008",72
PFE,Pfizer Inc.,352132000,Q1 2025,2008,18,123,-13,10,14,180,long_term_winners,2026-09-01,"Q2 2026, Q1 2026, Q4 2025, Q3 2025, Q2 2025, Q1 2025, Q4 2024, Q3 2024, Q2 2024, Q1 2024, Q4 2023, Q3 2023, Q2 2023, Q1 2023, Q4 2022, Q3 2022, Q2 2022, Q1 2022, Q4 2021, Q3 2021, Q2 2021, Q1 2021, Q4 2020, Q3 2020, Q2 2020, Q1 2020, Q4 2019, Q3 2019, Q2 2019, Q1 2019, Q4 2018, Q3 2018, Q2 2018, Q1 2018, Q4 2017, Q3 2017, Q2 2017, Q1 2017, Q4 2016, Q3 2016, Q2 2016, Q1 2016, Q4 2015, Q3 2015, Q2 2015, Q1 2015, Q4 2014, Q3 2014, Q2 2014, Q1 2014, Q4 2013, Q3 2013, Q2 2013, Q1 2013, Q4 2012, Q3 2012, Q2 2012, Q1 2012, Q4 2011, Q3 2011, Q2 2011, Q1 2011, Q4 2010, Q3 2010, Q2 2010, Q1 2010, Q4 2009, Q3 2009, Q2 2009, Q1 2009, Q4 2008, Q3 2008",72
BNY,Bank of New York Mellon Corp.,3869418000,Q2 2025,2010,16,112,-40,10,13,160,long_term_winners,2026-09-01,"Q2 2026, Q1 2026, Q4 2025, Q3 2025, Q2 2025, Q1 2025, Q4 2024, Q3 2024, Q2 2024, Q1 2024, Q4 2023, Q3 2023, Q2 2023, Q1 2023, Q4 2022, Q3 2022, Q2 2022, Q1 2022, Q4 2021, Q3 2021, Q2 2021, Q1 2021, Q4 2020, Q3 2020, Q2 2020, Q1 2020, Q4 2019, Q3 2019, Q2 2019, Q1 2019, Q4 2018, Q3 2018, Q2 2018, Q1 2018, Q4 2017, Q3 2017, Q2 2017, Q1 2017, Q4 2016, Q3 2016, Q2 2016, Q1 2016, Q4 2015, Q3 2015, Q2 2015, Q1 2015, Q4 2014, Q3 2014, Q2 2014, Q1 2014, Q4 2013, Q3 2013, Q2 2013, Q1 2013, Q4 2012, Q3 2012, Q2 2012, Q1 2012, Q4 2011, Q3 2011, Q2 2011, Q1 2011, Q4 2010, Q3 2010, Q2 2010, Q1 2010, Q4 2009, Q3 2009, Q2 2009, Q1 2009, Q4 2008, Q3 2008",72
GE,GE Aerospace,20012627000,Q1 2018,2010,16,122,-6,10,19,160,long_term_winners,2026-09-01,"Q2 2026, Q1 2026, Q4 2025, Q3 2025, Q2 2025, Q1 2025, Q4 2024, Q3 2024, Q2 2024, Q1 2024, Q4 2023, Q3 2023, Q2 2023, Q1 2023, Q4 2022, Q3 2022, Q2 2022, Q1 2022, Q4 2021, Q3 2021, Q2 2021, Q1 2021, Q4 2020, Q3 2020, Q2 2020, Q1 2020, Q4 2019, Q3 2019, Q2 2019, Q1 2019, Q4 2018, Q3 2018, Q2 2018, Q1 2018, Q4 2017, Q3 2017, Q2 2017, Q1 2017, Q4 2016, Q3 2016, Q2 2016, Q1 2016, Q4 2015, Q3 2015, Q2 2015, Q1 2015, Q4 2014, Q3 2014, Q2 2014, Q1 2014, Q4 2013, Q3 2013, Q2 2013, Q1 2013, Q4 2012, Q3 2012, Q2 2012, Q1 2012, Q4 2011, Q3 2011, Q2 2011, Q1 2011, Q4 2010, Q3 2010, Q2 2010, Q1 2010, Q4 2009, Q3 2009, Q2 2009, Q1 2009, Q4 2008, Q3 2008",72
TEL,TE Connectivity plc,4588766000,Q2 2026,2007,19,47,-19,8,10,152,long_term_winners,2026-09-01,"Q2 2026, Q1 2026, Q4 2025, Q3 2025, Q2 2025, Q1 2025, Q4 2024, Q3 2024, Q2 2024, Q1 2024, Q4 2023, Q3 2023, Q2 2023, Q1 2023, Q4 2022, Q3 2022, Q2 2022, Q1 2022, Q4 2021, Q3 2021, Q2 2021, Q1 2021, Q4 2020, Q3 2020, Q2 2020, Q1 2020, Q4 2019, Q3 2019, Q2 2019, Q1 2019, Q4 2018, Q3 2018, Q2 2018, Q1 2018, Q4 2017, Q3 2017, Q2 2017, Q1 2017, Q4 2016, Q3 2016, Q2 2016, Q1 2016, Q4 2015, Q3 2015, Q2 2015, Q1 2015, Q4 2014, Q3 2014, Q2 2014, Q1 2014, Q4 2013, Q3 2013, Q2 2013, Q1 2013, Q4 2012, Q3 2012, Q2 2012, Q1 2012, Q4 2011, Q3 2011, Q2 2011, Q1 2011, Q4 2010, Q3 2010, Q2 2010, Q1 2010, Q4 2009, Q3 2009, Q2 2009, Q1 2009, Q4 2008, Q3 2008",72
BMY,Bristol-Myers Squibb,1042747000,Q1 2008,2008,18,120,-28,8,20,144,long_term_winners,2026-09-01,"Q2 2026, Q1 2026, Q4 2025, Q3 2025, Q2 2025, Q1 2025, Q4 2024, Q3 2024, Q2 2024, Q1 2024, Q4 2023, Q3 2023, Q2 2023, Q1 2023, Q4 2022, Q3 2022, Q2 2022, Q1 2022, Q4 2021, Q3 2021, Q2 2021, Q1 2021, Q4 2020, Q3 2020, Q2 2020, Q1 2020, Q4 2019, Q3 2019, Q2 2019, Q1 2019, Q4 2018, Q3 2018, Q2 2018, Q1 2018, Q4 2017, Q3 2017, Q2 2017, Q1 2017, Q4 2016, Q3 2016, Q2 2016, Q1 2016, Q4 2015, Q3 2015, Q2 2015, Q1 2015, Q4 2014, Q3 2014, Q2 2014, Q1 2014, Q4 2013, Q3 2013, Q2 2013, Q1 2013, Q4 2012, Q3 2012, Q2 2012, Q1 2012, Q4 2011, Q3 2011, Q2 2011, Q1 2011, Q4 2010, Q3 2010, Q2 2010, Q1 2010, Q4 2009, Q3 2009, Q2 2009, Q1 2009, Q4 2008, Q3 2008",72
FISV,Fiserv Inc.,4344248000,Q1 2023,2010,16,164,-10,9,24,144,long_term_winners,2026-09-01,"Q2 2026, Q1 2026, Q4 2025, Q3 2025, Q2 2025, Q1 2025, Q4 2024, Q3 2024, Q2 2024, Q1 2024, Q4 2023, Q3 2023, Q2 2023, Q1 2023, Q4 2022, Q3 2022, Q2 2022, Q1 2022, Q4 2021, Q3 2021, Q2 2021, Q1 2021, Q4 2020, Q3 2020, Q2 2020, Q1 2020, Q4 2019, Q3 2019, Q2 2019, Q1 2019, Q4 2018, Q3 2018, Q2 2018, Q1 2018, Q4 2017, Q3 2017, Q2 2017, Q1 2017, Q4 2016, Q3 2016, Q2 2016, Q1 2016, Q4 2015, Q3 2015, Q2 2015, Q1 2015, Q4 2014, Q3 2014, Q2 2014, Q1 2014, Q4 2013, Q3 2013, Q2 2013, Q1 2013, Q4 2012, Q3 2012, Q2 2012, Q1 2012, Q4 2011, Q3 2011, Q2 2011, Q1 2011, Q4 2010, Q3 2010, Q2 2010, Q1 2010, Q4 2009, Q3 2009, Q2 2009, Q1 2009, Q4 2008, Q3 2008",72
C,Citigroup Inc.,2892143000,Q1 2020,2009,17,205,-49,8,22,136,long_term_winners,2026-09-01,"Q2 2026, Q1 2026, Q4 2025, Q3 2025, Q2 2025, Q1 2025, Q4 2024, Q3 2024, Q2 2024, Q1 2024, Q4 2023, Q3 2023, Q2 2023, Q1 2023, Q4 2022, Q3 2022, Q2 2022, Q1 2022, Q4 2021, Q3 2021, Q2 2021, Q1 2021, Q4 2020, Q3 2020, Q2 2020, Q1 2020, Q4 2019, Q3 2019, Q2 2019, Q1 2019, Q4 2018, Q3 2018, Q2 2018, Q1 2018, Q4 2017, Q3 2017, Q2 2017, Q1 2017, Q4 2016, Q3 2016, Q2 2016, Q1 2016, Q4 2015, Q3 2015, Q2 2015, Q1 2015, Q4 2014, Q3 2014, Q2 2014, Q1 2014, Q4 2013, Q3 2013, Q2 2013, Q1 2013, Q4 2012, Q3 2012, Q2 2012, Q1 2012, Q4 2011, Q3 2011, Q2 2011, Q1 2011, Q4 2010, Q3 2010, Q2 2010, Q1 2010, Q4 2009, Q3 2009, Q2 2009, Q1 2009, Q4 2008, Q3 2008",72
MCD,McDonald's Corp.,925385000,Q1 2024,2009,17,76,14,7,13,119,long_term_winners,2026-09-01,"Q2 2026, Q1 2026, Q4 2025, Q3 2025, Q2 2025, Q1 2025, Q4 2024, Q3 2024, Q2 2024, Q1 2024, Q4 2023, Q3 2023, Q2 2023, Q1 2023, Q4 2022, Q3 2022, Q2 2022, Q1 2022, Q4 2021, Q3 2021, Q2 2021, Q1 2021, Q4 2020, Q3 2020, Q2 2020, Q1 2020, Q4 2019, Q3 2019, Q2 2019, Q1 2019, Q4 2018, Q3 2018, Q2 2018, Q1 2018, Q4 2017, Q3 2017, Q2 2017, Q1 2017, Q4 2016, Q3 2016, Q2 2016, Q1 2016, Q4 2015, Q3 2015, Q2 2015, Q1 2015, Q4 2014, Q3 2014, Q2 2014, Q1 2014, Q4 2013, Q3 2013, Q2 2013, Q1 2013, Q4 2012, Q3 2012, Q2 2012, Q1 2012, Q4 2011, Q3 2011, Q2 2011, Q1 2011, Q4 2010, Q3 2010, Q2 2010, Q1 2010, Q4 2009, Q3 2009, Q2 2009, Q1 2009, Q4 2008, Q3 2008",72
GM,General Motors,2556109000,Q1 2012,2010,16,142,-2,7,16,112,long_term_winners,2026-09-01,"Q2 2026, Q1 2026, Q4 2025, Q3 2025, Q2 2025, Q1 2025, Q4 2024, Q3 2024, Q2 2024, Q1 2024, Q4 2023, Q3 2023, Q2 2023, Q1 2023, Q4 2022, Q3 2022, Q2 2022, Q1 2022, Q4 2021, Q3 2021, Q2 2021, Q1 2021, Q4 2020, Q3 2020, Q2 2020, Q1 2020, Q4 2019, Q3 2019, Q2 2019, Q1 2019, Q4 2018, Q3 2018, Q2 2018, Q1 2018, Q4 2017, Q3 2017, Q2 2017, Q1 2017, Q4 2016, Q3 2016, Q2 2016, Q1 2016, Q4 2015, Q3 2015, Q2 2015, Q1 2015, Q4 2014, Q3 2014, Q2 2014, Q1 2014, Q4 2013, Q3 2013, Q2 2013, Q1 2013, Q4 2012, Q3 2012, Q2 2012, Q1 2012, Q4 2011, Q3 2011, Q2 2011, Q1 2011, Q4 2010, Q3 2010, Q2 2010, Q1 2010, Q4 2009, Q3 2009, Q2 2009, Q1 2009, Q4 2008, Q3 2008",72
BA,Boeing Co.,1043202000,Q1 2020,2008,18,64,0,6,12,108,long_term_winners,2026-09-01,"Q2 2026, Q1 2026, Q4 2025, Q3 2025, Q2 2025, Q1 2025, Q4 2024, Q3 2024, Q2 2024, Q1 2024, Q4 2023, Q3 2023, Q2 2023, Q1 2023, Q4 2022, Q3 2022, Q2 2022, Q1 2022, Q4 2021, Q3 2021, Q2 2021, Q1 2021, Q4 2020, Q3 2020, Q2 2020, Q1 2020, Q4 2019, Q3 2019, Q2 2019, Q1 2019, Q4 2018, Q3 2018, Q2 2018, Q1 2018, Q4 2017, Q3 2017, Q2 2017, Q1 2017, Q4 2016, Q3 2016, Q2 2016, Q1 2016, Q4 2015, Q3 2015, Q2 2015, Q1 2015, Q4 2014, Q3 2014, Q2 2014, Q1 2014, Q4 2013, Q3 2013, Q2 2013, Q1 2013, Q4 2012, Q3 2012, Q2 2012, Q1 2012, Q4 2011, Q3 2011, Q2 2011, Q1 2011, Q4 2010, Q3 2010, Q2 2010, Q1 2010, Q4 2009, Q3 2009, Q2 2009, Q1 2009, Q4 2008, Q3 2008",72
CROX,Crocs Inc.,359612000,Q1 2026,2008,18,39,13,6,8,108,long_term_winners,2026-09-01,"Q2 2026, Q1 2026, Q4 2025, Q3 2025, Q2 2025, Q1 2025, Q4 2024, Q3 2024, Q2 2024, Q1 2024, Q4 2023, Q3 2023, Q2 2023, Q1 2023, Q4 2022, Q3 2022, Q2 2022, Q1 2022, Q4 2021, Q3 2021, Q2 2021, Q1 2021, Q4 2020, Q3 2020, Q2 2020, Q1 2020, Q4 2019, Q3 2019, Q2 2019, Q1 2019, Q4 2018, Q3 2018, Q2 2018, Q1 2018, Q4 2017, Q3 2017, Q2 2017, Q1 2017, Q4 2016, Q3 2016, Q2 2016, Q1 2016, Q4 2015, Q3 2015, Q2 2015, Q1 2015, Q4 2014, Q3 2014, Q2 2014, Q1 2014, Q4 2013, Q3 2013, Q2 2013, Q1 2013, Q4 2012, Q3 2012, Q2 2012, Q1 2012, Q4 2011, Q3 2011, Q2 2011, Q1 2011, Q4 2010, Q3 2010, Q2 2010, Q1 2010, Q4 2009, Q3 2009, Q2 2009, Q1 2009, Q4 2008, Q3 2008",72
IBKR,Interactive Brokers Group Inc.,1013797000,Q1 2023,2009,17,65,-13,6,8,102,long_term_winners,2026-09-01,"Q2 2026, Q1 2026, Q4 2025, Q3 2025, Q2 2025, Q1 2025, Q4 2024, Q3 2024, Q2 2024, Q1 2024, Q4 2023, Q3 2023, Q2 2023, Q1 2023, Q4 2022, Q3 2022, Q2 2022, Q1 2022, Q4 2021, Q3 2021, Q2 2021, Q1 2021, Q4 2020, Q3 2020, Q2 2020, Q1 2020, Q4 2019, Q3 2019, Q2 2019, Q1 2019, Q4 2018, Q3 2018, Q2 2018, Q1 2018, Q4 2017, Q3 2017, Q2 2017, Q1 2017, Q4 2016, Q3 2016, Q2 2016, Q1 2016, Q4 2015, Q3 2015, Q2 2015, Q1 2015, Q4 2014, Q3 2014, Q2 2014, Q1 2014, Q4 2013, Q3 2013, Q2 2013, Q1 2013, Q4 2012, Q3 2012, Q2 2012, Q1 2012, Q4 2011, Q3 2011, Q2 2011, Q1 2011, Q4 2010, Q3 2010, Q2 2010, Q1 2010, Q4 2009, Q3 2009, Q2 2009, Q1 2009, Q4 2008, Q3 2008",72
ADP,Automatic Data Processing Inc.,1947406000,Q1 2026,2009,17,76,-20,6,9,102,long_term_winners,2026-09-01,"Q2 2026, Q1 2026, Q4 2025, Q3 2025, Q2 2025, Q1 2025, Q4 2024, Q3 2024, Q2 2024, Q1 2024, Q4 2023, Q3 2023, Q2 2023, Q1 2023, Q4 2022, Q3 2022, Q2 2022, Q1 2022, Q4 2021, Q3 2021, Q2 2021, Q1 2021, Q4 2020, Q3 2020, Q2 2020, Q1 2020, Q4 2019, Q3 2019, Q2 2019, Q1 2019, Q4 2018, Q3 2018, Q2 2018, Q1 2018, Q4 2017, Q3 2017, Q2 2017, Q1 2017, Q4 2016, Q3 2016, Q2 2016, Q1 2016, Q4 2015, Q3 2015, Q2 2015, Q1 2015, Q4 2014, Q3 2014, Q2 2014, Q1 2014, Q4 2013, Q3 2013, Q2 2013, Q1 2013, Q4 2012, Q3 2012, Q2 2012, Q1 2012, Q4 2011, Q3 2011, Q2 2011, Q1 2011, Q4 2010, Q3 2010, Q2 2010, Q1 2010, Q4 2009, Q3 2009, Q2 2009, Q1 2009, Q4 2008, Q3 2008",72
URI,United Rentals,74904000,Q1 2022,2008,18,57,3,5,9,90,long_term_winners,2026-09-01,"Q2 2026, Q1 2026, Q4 2025, Q3 2025, Q2 2025, Q1 2025, Q4 2024, Q3 2024, Q2 2024, Q1 2024, Q4 2023, Q3 2023, Q2 2023, Q1 2023, Q4 2022, Q3 2022, Q2 2022, Q1 2022, Q4 2021, Q3 2021, Q2 2021, Q1 2021, Q4 2020, Q3 2020, Q2 2020, Q1 2020, Q4 2019, Q3 2019, Q2 2019, Q1 2019, Q4 2018, Q3 2018, Q2 2018, Q1 2018, Q4 2017, Q3 2017, Q2 2017, Q1 2017, Q4 2016, Q3 2016, Q2 2016, Q1 2016, Q4 2015, Q3 2015, Q2 2015, Q1 2015, Q4 2014, Q3 2014, Q2 2014, Q1 2014, Q4 2013, Q3 2013, Q2 2013, Q1 2013, Q4 2012, Q3 2012, Q2 2012, Q1 2012, Q4 2011, Q3 2011, Q2 2011, Q1 2011, Q4 2010, Q3 2010, Q2 2010, Q1 2010, Q4 2009, Q3 2009, Q2 2009, Q1 2009, Q4 2008, Q3 2008",72
DVN,Devon Energy Corp.,1382614000,Q1 2021,2009,17,46,4,5,9,85,long_term_winners,2026-09-01,"Q2 2026, Q1 2026, Q4 2025, Q3 2025, Q2 2025, Q1 2025, Q4 2024, Q3 2024, Q2 2024, Q1 2024, Q4 2023, Q3 2023, Q2 2023, Q1 2023, Q4 2022, Q3 2022, Q2 2022, Q1 2022, Q4 2021, Q3 2021, Q2 2021, Q1 2021, Q4 2020, Q3 2020, Q2 2020, Q1 2020, Q4 2019, Q3 2019, Q2 2019, Q1 2019, Q4 2018, Q3 2018, Q2 2018, Q1 2018, Q4 2017, Q3 2017, Q2 2017, Q1 2017, Q4 2016, Q3 2016, Q2 2016, Q1 2016, Q4 2015, Q3 2015, Q2 2015, Q1 2015, Q4 2014, Q3 2014, Q2 2014, Q1 2014, Q4 2013, Q3 2013, Q2 2013, Q1 2013, Q4 2012, Q3 2012, Q2 2012, Q1 2012, Q4 2011, Q3 2011, Q2 2011, Q1 2011, Q4 2010, Q3 2010, Q2 2010, Q1 2010, Q4 2009, Q3 2009, Q2 2009, Q1 2009, Q4 2008, Q3 2008",72
GS,Goldman Sachs Group,554325000,Q1 2020,2010,16,117,-49,5,18,80,long_term_winners,2026-09-01,"Q2 2026, Q1 2026, Q4 2025, Q3 2025, Q2 2025, Q1 2025, Q4 2024, Q3 2024, Q2 2024, Q1 2024, Q4 2023, Q3 2023, Q2 2023, Q1 2023, Q4 2022, Q3 2022, Q2 2022, Q1 2022, Q4 2021, Q3 2021, Q2 2021, Q1 2021, Q4 2020, Q3 2020, Q2 2020, Q1 2020, Q4 2019, Q3 2019, Q2 2019, Q1 2019, Q4 2018, Q3 2018, Q2 2018, Q1 2018, Q4 2017, Q3 2017, Q2 2017, Q1 2017, Q4 2016, Q3 2016, Q2 2016, Q1 2016, Q4 2015, Q3 2015, Q2 2015, Q1 2015, Q4 2014, Q3 2014, Q2 2014, Q1 2014, Q4 2013, Q3 2013, Q2 2013, Q1 2013, Q4 2012, Q3 2012, Q2 2012, Q1 2012, Q4 2011, Q3 2011, Q2 2011, Q1 2011, Q4 2010, Q3 2010, Q2 2010, Q1 2010, Q4 2009, Q3 2009, Q2 2009, Q1 2009, Q4 2008, Q3 2008",72
ECL,Ecolab Inc.,1763134000,Q2 2010,2010,16,54,-26,4,7,64,long_term_winners,2026-09-01,"Q2 2026, Q1 2026, Q4 2025, Q3 2025, Q2 2025, Q1 2025, Q4 2024, Q3 2024, Q2 2024, Q1 2024, Q4 2023, Q3 2023, Q2 2023, Q1 2023, Q4 2022, Q3 2022, Q2 2022, Q1 2022, Q4 2021, Q3 2021, Q2 2021, Q1 2021, Q4 2020, Q3 2020, Q2 2020, Q1 2020, Q4 2019, Q3 2019, Q2 2019, Q1 2019, Q4 2018, Q3 2018, Q2 2018, Q1 2018, Q4 2017, Q3 2017, Q2 2017, Q1 2017, Q4 2016, Q3 2016, Q2 2016, Q1 2016, Q4 2015, Q3 2015, Q2 2015, Q1 2015, Q4 2014, Q3 2014, Q2 2014, Q1 2014, Q4 2013, Q3 2013, Q2 2013, Q1 2013, Q4 2012, Q3 2012, Q2 2012, Q1 2012, Q4 2011, Q3 2011, Q2 2011, Q1 2011, Q4 2010, Q3 2010, Q2 2010, Q1 2010, Q4 2009, Q3 2009, Q2 2009, Q1 2009, Q4 2008, Q3 2008",72
MS,Morgan Stanley,478180000,Q1 2014,2010,16,74,-18,4,11,64,long_term_winners,2026-09-01,"Q2 2026, Q1 2026, Q4 2025, Q3 2025, Q2 2025, Q1 2025, Q4 2024, Q3 2024, Q2 2024, Q1 2024, Q4 2023, Q3 2023, Q2 2023, Q1 2023, Q4 2022, Q3 2022, Q2 2022, Q1 2022, Q4 2021, Q3 2021, Q2 2021, Q1 2021, Q4 2020, Q3 2020, Q2 2020, Q1 2020, Q4 2019, Q3 2019, Q2 2019, Q1 2019, Q4 2018, Q3 2018, Q2 2018, Q1 2018, Q4 2017, Q3 2017, Q2 2017, Q1 2017, Q4 2016, Q3 2016, Q2 2016, Q1 2016, Q4 2015, Q3 2015, Q2 2015, Q1 2015, Q4 2014, Q3 2014, Q2 2014, Q1 2014, Q4 2013, Q3 2013, Q2 2013, Q1 2013, Q4 2012, Q3 2012, Q2 2012, Q1 2012, Q4 2011, Q3 2011, Q2 2011, Q1 2011, Q4 2010, Q3 2010, Q2 2010, Q1 2010, Q4 2009, Q3 2009, Q2 2009, Q1 2009, Q4 2008, Q3 2008",72
MDLZ,Mondelez International,468981000,Q1 2010,2010,16,109,-27,4,9,64,long_term_winners,2026-09-01,"Q2 2026, Q1 2026, Q4 2025, Q3 2025, Q2 2025, Q1 2025, Q4 2024, Q3 2024, Q2 2024, Q1 2024, Q4 2023, Q3 2023, Q2 2023, Q1 2023, Q4 2022, Q3 2022, Q2 2022, Q1 2022, Q4 2021, Q3 2021, Q2 2021, Q1 2021, Q4 2020, Q3 2020, Q2 2020, Q1 2020, Q4 2019, Q3 2019, Q2 2019, Q1 2019, Q4 2018, Q3 2018, Q2 2018, Q1 2018, Q4 2017, Q3 2017, Q2 2017, Q1 2017, Q4 2016, Q3 2016, Q2 2016, Q1 2016, Q4 2015, Q3 2015, Q2 2015, Q1 2015, Q4 2014, Q3 2014, Q2 2014, Q1 2014, Q4 2013, Q3 2013, Q2 2013, Q1 2013, Q4 2012, Q3 2012, Q2 2012, Q1 2012, Q4 2011, Q3 2011, Q2 2011, Q1 2011, Q4 2010, Q3 2010, Q2 2010, Q1 2010, Q4 2009, Q3 2009, Q2 2009, Q1 2009, Q4 2008, Q3 2008",72
WEN,Wendy's Co.,365187000,Q1 2008,2008,18,41,-3,3,6,54,long_term_winners,2026-09-01,"Q2 2026, Q1 2026, Q4 2025, Q3 2025, Q2 2025, Q1 2025, Q4 2024, Q3 2024, Q2 2024, Q1 2024, Q4 2023, Q3 2023, Q2 2023, Q1 2023, Q4 2022, Q3 2022, Q2 2022, Q1 2022, Q4 2021, Q3 2021, Q2 2021, Q1 2021, Q4 2020, Q3 2020, Q2 2020, Q1 2020, Q4 2019, Q3 2019, Q2 2019, Q1 2019, Q4 2018, Q3 2018, Q2 2018, Q1 2018, Q4 2017, Q3 2017, Q2 2017, Q1 2017, Q4 2016, Q3 2016, Q2 2016, Q1 2016, Q4 2015, Q3 2015, Q2 2015, Q1 2015, Q4 2014, Q3 2014, Q2 2014, Q1 2014, Q4 2013, Q3 2013, Q2 2013, Q1 2013, Q4 2012, Q3 2012, Q2 2012, Q1 2012, Q4 2011, Q3 2011, Q2 2011, Q1 2011, Q4 2010, Q3 2010, Q2 2010, Q1 2010, Q4 2009, Q3 2009, Q2 2009, Q1 2009, Q4 2008, Q3 2008",72
MLM,Martin Marietta,1192526000,Q1 2008,2008,18,38,-20,3,5,54,long_term_winners,2026-09-01,"Q2 2026, Q1 2026, Q4 2025, Q3 2025, Q2 2025, Q1 2025, Q4 2024, Q3 2024, Q2 2024, Q1 2024, Q4 2023, Q3 2023, Q2 2023, Q1 2023, Q4 2022, Q3 2022, Q2 2022, Q1 2022, Q4 2021, Q3 2021, Q2 2021, Q1 2021, Q4 2020, Q3 2020, Q2 2020, Q1 2020, Q4 2019, Q3 2019, Q2 2019, Q1 2019, Q4 2018, Q3 2018, Q2 2018, Q1 2018, Q4 2017, Q3 2017, Q2 2017, Q1 2017, Q4 2016, Q3 2016, Q2 2016, Q1 2016, Q4 2015, Q3 2015, Q2 2015, Q1 2015, Q4 2014, Q3 2014, Q2 2014, Q1 2014, Q4 2013, Q3 2013, Q2 2013, Q1 2013, Q4 2012, Q3 2012, Q2 2012, Q1 2012, Q4 2011, Q3 2011, Q2 2011, Q1 2011, Q4 2010, Q3 2010, Q2 2010, Q1 2010, Q4 2009, Q3 2009, Q2 2009, Q1 2009, Q4 2008, Q3 2008",72
BMRN,BioMarin Pharmaceutical Inc.,1289693000,Q1 2009,2009,17,28,10,3,5,51,long_term_winners,2026-09-01,"Q2 2026, Q1 2026, Q4 2025, Q3 2025, Q2 2025, Q1 2025, Q4 2024, Q3 2024, Q2 2024, Q1 2024, Q4 2023, Q3 2023, Q2 2023, Q1 2023, Q4 2022, Q3 2022, Q2 2022, Q1 2022, Q4 2021, Q3 2021, Q2 2021, Q1 2021, Q4 2020, Q3 2020, Q2 2020, Q1 2020, Q4 2019, Q3 2019, Q2 2019, Q1 2019, Q4 2018, Q3 2018, Q2 2018, Q1 2018, Q4 2017, Q3 2017, Q2 2017, Q1 2017, Q4 2016, Q3 2016, Q2 2016, Q1 2016, Q4 2015, Q3 2015, Q2 2015, Q1 2015, Q4 2014, Q3 2014, Q2 2014, Q1 2014, Q4 2013, Q3 2013, Q2 2013, Q1 2013, Q4 2012, Q3 2012, Q2 2012, Q1 2012, Q4 2011, Q3 2011, Q2 2011, Q1 2011, Q4 2010, Q3 2010, Q2 2010, Q1 2010, Q4 2009, Q3 2009, Q2 2009, Q1 2009, Q4 2008, Q3 2008",72
MTB,M&T Bank Corp.,74125000,Q1 2025,2009,17,61,7,3,7,51,long_term_winners,2026-09-01,"Q2 2026, Q1 2026, Q4 2025, Q3 2025, Q2 2025, Q1 2025, Q4 2024, Q3 2024, Q2 2024, Q1 2024, Q4 2023, Q3 2023, Q2 2023, Q1 2023, Q4 2022, Q3 2022, Q2 2022, Q1 2022, Q4 2021, Q3 2021, Q2 2021, Q1 2021, Q4 2020, Q3 2020, Q2 2020, Q1 2020, Q4 2019, Q3 2019, Q2 2019, Q1 2019, Q4 2018, Q3 2018, Q2 2018, Q1 2018, Q4 2017, Q3 2017, Q2 2017, Q1 2017, Q4 2016, Q3 2016, Q2 2016, Q1 2016, Q4 2015, Q3 2015, Q2 2015, Q1 2015, Q4 2014, Q3 2014, Q2 2014, Q1 2014, Q4 2013, Q3 2013, Q2 2013, Q1 2013, Q4 2012, Q3 2012, Q2 2012, Q1 2012, Q4 2011, Q3 2011, Q2 2011, Q1 2011, Q4 2010, Q3 2010, Q2 2010, Q1 2010, Q4 2009, Q3 2009, Q2 2009, Q1 2009, Q4 2008, Q3 2008",72
CSX,CSX Corp.,99419000,Q1 2016,2009,17,73,-11,3,12,51,long_term_winners,2026-09-01,"Q2 2026, Q1 2026, Q4 2025, Q3 2025, Q2 2025, Q1 2025, Q4 2024, Q3 2024, Q2 2024, Q1 2024, Q4 2023, Q3 2023, Q2 2023, Q1 2023, Q4 2022, Q3 2022, Q2 2022, Q1 2022, Q4 2021, Q3 2021, Q2 2021, Q1 2021, Q4 2020, Q3 2020, Q2 2020, Q1 2020, Q4 2019, Q3 2019, Q2 2019, Q1 2019, Q4 2018, Q3 2018, Q2 2018, Q1 2018, Q4 2017, Q3 2017, Q2 2017, Q1 2017, Q4 2016, Q3 2016, Q2 2016, Q1 2016, Q4 2015, Q3 2015, Q2 2015, Q1 2015, Q4 2014, Q3 2014, Q2 2014, Q1 2014, Q4 2013, Q3 2013, Q2 2013, Q1 2013, Q4 2012, Q3 2012, Q2 2012, Q1 2012, Q4 2011, Q3 2011, Q2 2011, Q1 2011, Q4 2010, Q3 2010, Q2 2010, Q1 2010, Q4 2009, Q3 2009, Q2 2009, Q1 2009, Q4 2008, Q3 2008",72
YUM,Yum! Brands Inc.,141436000,Q1 2009,2009,17,26,8,3,5,51,long_term_winners,2026-09-01,"Q2 2026, Q1 2026, Q4 2025, Q3 2025, Q2 2025, Q1 2025, Q4 2024, Q3 2024, Q2 2024, Q1 2024, Q4 2023, Q3 2023, Q2 2023, Q1 2023, Q4 2022, Q3 2022, Q2 2022, Q1 2022, Q4 2021, Q3 2021, Q2 2021, Q1 2021, Q4 2020, Q3 2020, Q2 2020, Q1 2020, Q4 2019, Q3 2019, Q2 2019, Q1 2019, Q4 2018, Q3 2018, Q2 2018, Q1 2018, Q4 2017, Q3 2017, Q2 2017, Q1 2017, Q4 2016, Q3 2016, Q2 2016, Q1 2016, Q4 2015, Q3 2015, Q2 2015, Q1 2015, Q4 2014, Q3 2014, Q2 2014, Q1 2014, Q4 2013, Q3 2013, Q2 2013, Q1 2013, Q4 2012, Q3 2012, Q2 2012, Q1 2012, Q4 2011, Q3 2011, Q2 2011, Q1 2011, Q4 2010, Q3 2010, Q2 2010, Q1 2010, Q4 2009, Q3 2009, Q2 2009, Q1 2009, Q4 2008, Q3 2008",72
REGN,Regeneron Pharmaceuticals,3211514000,Q1 2009,2009,17,30,8,3,7,51,long_term_winners,2026-09-01,"Q2 2026, Q1 2026, Q4 2025, Q3 2025, Q2 2025, Q1 2025, Q4 2024, Q3 2024, Q2 2024, Q1 2024, Q4 2023, Q3 2023, Q2 2023, Q1 2023, Q4 2022, Q3 2022, Q2 2022, Q1 2022, Q4 2021, Q3 2021, Q2 2021, Q1 2021, Q4 2020, Q3 2020, Q2 2020, Q1 2020, Q4 2019, Q3 2019, Q2 2019, Q1 2019, Q4 2018, Q3 2018, Q2 2018, Q1 2018, Q4 2017, Q3 2017, Q2 2017, Q1 2017, Q4 2016, Q3 2016, Q2 2016, Q1 2016, Q4 2015, Q3 2015, Q2 2015, Q1 2015, Q4 2014, Q3 2014, Q2 2014, Q1 2014, Q4 2013, Q3 2013, Q2 2013, Q1 2013, Q4 2012, Q3 2012, Q2 2012, Q1 2012, Q4 2011, Q3 2011, Q2 2011, Q1 2011, Q4 2010, Q3 2010, Q2 2010, Q1 2010, Q4 2009, Q3 2009, Q2 2009, Q1 2009, Q4 2008, Q3 2008",72
TEVA,Teva Pharmaceutical Industries Ltd.,226676000,Q1 2017,2007,19,73,-25,2,11,38,long_term_winners,2026-09-01,"Q2 2026, Q1 2026, Q4 2025, Q3 2025, Q2 2025, Q1 2025, Q4 2024, Q3 2024, Q2 2024, Q1 2024, Q4 2023, Q3 2023, Q2 2023, Q1 2023, Q4 2022, Q3 2022, Q2 2022, Q1 2022, Q4 2021, Q3 2021, Q2 2021, Q1 2021, Q4 2020, Q3 2020, Q2 2020, Q1 2020, Q4 2019, Q3 2019, Q2 2019, Q1 2019, Q4 2018, Q3 2018, Q2 2018, Q1 2018, Q4 2017, Q3 2017, Q2 2017, Q1 2017, Q4 2016, Q3 2016, Q2 2016, Q1 2016, Q4 2015, Q3 2015, Q2 2015, Q1 2015, Q4 2014, Q3 2014, Q2 2014, Q1 2014, Q4 2013, Q3 2013, Q2 2013, Q1 2013, Q4 2012, Q3 2012, Q2 2012, Q1 2012, Q4 2011, Q3 2011, Q2 2011, Q1 2011, Q4 2010, Q3 2010, Q2 2010, Q1 2010, Q4 2009, Q3 2009, Q2 2009, Q1 2009, Q4 2008, Q3 2008",72
AIG,American International Group,1551259000,Q1 2025,2007,19,62,-6,2,11,38,long_term_winners,2026-09-01,"Q2 2026, Q1 2026, Q4 2025, Q3 2025, Q2 2025, Q1 2025, Q4 2024, Q3 2024, Q2 2024, Q1 2024, Q4 2023, Q3 2023, Q2 2023, Q1 2023, Q4 2022, Q3 2022, Q2 2022, Q1 2022, Q4 2021, Q3 2021, Q2 2021, Q1 2021, Q4 2020, Q3 2020, Q2 2020, Q1 2020, Q4 2019, Q3 2019, Q2 2019, Q1 2019, Q4 2018, Q3 2018, Q2 2018, Q1 2018, Q4 2017, Q3 2017, Q2 2017, Q1 2017, Q4 2016, Q3 2016, Q2 2016, Q1 2016, Q4 2015, Q3 2015, Q2 2015, Q1 2015, Q4 2014, Q3 2014, Q2 2014, Q1 2014, Q4 2013, Q3 2013, Q2 2013, Q1 2013, Q4 2012, Q3 2012, Q2 2012, Q1 2012, Q4 2011, Q3 2011, Q2 2011, Q1 2011, Q4 2010, Q3 2010, Q2 2010, Q1 2010, Q4 2009, Q3 2009, Q2 2009, Q1 2009, Q4 2008, Q3 2008",72
NOC,Northrop Grumman Corp.,101051000,Q3 2024,2008,18,23,-13,2,4,36,long_term_winners,2026-09-01,"Q2 2026, Q1 2026, Q4 2025, Q3 2025, Q2 2025, Q1 2025, Q4 2024, Q3 2024, Q2 2024, Q1 2024, Q4 2023, Q3 2023, Q2 2023, Q1 2023, Q4 2022, Q3 2022, Q2 2022, Q1 2022, Q4 2021, Q3 2021, Q2 2021, Q1 2021, Q4 2020, Q3 2020, Q2 2020, Q1 2020, Q4 2019, Q3 2019, Q2 2019, Q1 2019, Q4 2018, Q3 2018, Q2 2018, Q1 2018, Q4 2017, Q3 2017, Q2 2017, Q1 2017, Q4 2016, Q3 2016, Q2 2016, Q1 2016, Q4 2015, Q3 2015, Q2 2015, Q1 2015, Q4 2014, Q3 2014, Q2 2014, Q1 2014, Q4 2013, Q3 2013, Q2 2013, Q1 2013, Q4 2012, Q3 2012, Q2 2012, Q1 2012, Q4 2011, Q3 2011, Q2 2011, Q1 2011, Q4 2010, Q3 2010, Q2 2010, Q1 2010, Q4 2009, Q3 2009, Q2 2009, Q1 2009, Q4 2008, Q3 2008",72
DKS,Dick's Sporting Goods Inc.,585171000,Q1 2022,2008,18,20,2,2,5,36,long_term_winners,2026-09-01,"Q2 2026, Q1 2026, Q4 2025, Q3 2025, Q2 2025, Q1 2025, Q4 2024, Q3 2024, Q2 2024, Q1 2024, Q4 2023, Q3 2023, Q2 2023, Q1 2023, Q4 2022, Q3 2022, Q2 2022, Q1 2022, Q4 2021, Q3 2021, Q2 2021, Q1 2021, Q4 2020, Q3 2020, Q2 2020, Q1 2020, Q4 2019, Q3 2019, Q2 2019, Q1 2019, Q4 2018, Q3 2018, Q2 2018, Q1 2018, Q4 2017, Q3 2017, Q2 2017, Q1 2017, Q4 2016, Q3 2016, Q2 2016, Q1 2016, Q4 2015, Q3 2015, Q2 2015, Q1 2015, Q4 2014, Q3 2014, Q2 2014, Q1 2014, Q4 2013, Q3 2013, Q2 2013, Q1 2013, Q4 2012, Q3 2012, Q2 2012, Q1 2012, Q4 2011, Q3 2011, Q2 2011, Q1 2011, Q4 2010, Q3 2010, Q2 2010, Q1 2010, Q4 2009, Q3 2009, Q2 2009, Q1 2009, Q4 2008, Q3 2008",72
GD,General Dynamics,176969000,Q2 2016,2008,18,38,0,2,10,36,long_term_winners,2026-09-01,"Q2 2026, Q1 2026, Q4 2025, Q3 2025, Q2 2025, Q1 2025, Q4 2024, Q3 2024, Q2 2024, Q1 2024, Q4 2023, Q3 2023, Q2 2023, Q1 2023, Q4 2022, Q3 2022, Q2 2022, Q1 2022, Q4 2021, Q3 2021, Q2 2021, Q1 2021, Q4 2020, Q3 2020, Q2 2020, Q1 2020, Q4 2019, Q3 2019, Q2 2019, Q1 2019, Q4 2018, Q3 2018, Q2 2018, Q1 2018, Q4 2017, Q3 2017, Q2 2017, Q1 2017, Q4 2016, Q3 2016, Q2 2016, Q1 2016, Q4 2015, Q3 2015, Q2 2015, Q1 2015, Q4 2014, Q3 2014, Q2 2014, Q1 2014, Q4 2013, Q3 2013, Q2 2013, Q1 2013, Q4 2012, Q3 2012, Q2 2012, Q1 2012, Q4 2011, Q3 2011, Q2 2011, Q1 2011, Q4 2010, Q3 2010, Q2 2010, Q1 2010, Q4 2009, Q3 2009, Q2 2009, Q1 2009, Q4 2008, Q3 2008",72
HUM,Humana Inc.,6094751000,Q1 2024,2008,18,52,-4,2,11,36,long_term_winners,2026-09-01,"Q2 2026, Q1 2026, Q4 2025, Q3 2025, Q2 2025, Q1 2025, Q4 2024, Q3 2024, Q2 2024, Q1 2024, Q4 2023, Q3 2023, Q2 2023, Q1 2023, Q4 2022, Q3 2022, Q2 2022, Q1 2022, Q4 2021, Q3 2021, Q2 2021, Q1 2021, Q4 2020, Q3 2020, Q2 2020, Q1 2020, Q4 2019, Q3 2019, Q2 2019, Q1 2019, Q4 2018, Q3 2018, Q2 2018, Q1 2018, Q4 2017, Q3 2017, Q2 2017, Q1 2017, Q4 2016, Q3 2016, Q2 2016, Q1 2016, Q4 2015, Q3 2015, Q2 2015, Q1 2015, Q4 2014, Q3 2014, Q2 2014, Q1 2014, Q4 2013, Q3 2013, Q2 2013, Q1 2013, Q4 2012, Q3 2012, Q2 2012, Q1 2012, Q4 2011, Q3 2011, Q2 2011, Q1 2011, Q4 2010, Q3 2010, Q2 2010, Q1 2010, Q4 2009, Q3 2009, Q2 2009, Q1 2009, Q4 2008, Q3 2008",72
VRTX,Vertex Pharmaceuticals,27487000,Q1 2009,2009,17,24,-4,2,4,34,long_term_winners,2026-09-01,"Q2 2026, Q1 2026, Q4 2025, Q3 2025, Q2 2025, Q1 2025, Q4 2024, Q3 2024, Q2 2024, Q1 2024, Q4 2023, Q3 2023, Q2 2023, Q1 2023, Q4 2022, Q3 2022, Q2 2022, Q1 2022, Q4 2021, Q3 2021, Q2 2021, Q1 2021, Q4 2020, Q3 2020, Q2 2020, Q1 2020, Q4 2019, Q3 2019, Q2 2019, Q1 2019, Q4 2018, Q3 2018, Q2 2018, Q1 2018, Q4 2017, Q3 2017, Q2 2017, Q1 2017, Q4 2016, Q3 2016, Q2 2016, Q1 2016, Q4 2015, Q3 2015, Q2 2015, Q1 2015, Q4 2014, Q3 2014, Q2 2014, Q1 2014, Q4 2013, Q3 2013, Q2 2013, Q1 2013, Q4 2012, Q3 2012, Q2 2012, Q1 2012, Q4 2011, Q3 2011, Q2 2011, Q1 2011, Q4 2010, Q3 2010, Q2 2010, Q1 2010, Q4 2009, Q3 2009, Q2 2009, Q1 2009, Q4 2008, Q3 2008",72
INCY,Incyte Corp.,1441377000,Q1 2009,2009,17,16,-6,2,3,34,long_term_winners,2026-09-01,"Q2 2026, Q1 2026, Q4 2025, Q3 2025, Q2 2025, Q1 2025, Q4 2024, Q3 2024, Q2 2024, Q1 2024, Q4 2023, Q3 2023, Q2 2023, Q1 2023, Q4 2022, Q3 2022, Q2 2022, Q1 2022, Q4 2021, Q3 2021, Q2 2021, Q1 2021, Q4 2020, Q3 2020, Q2 2020, Q1 2020, Q4 2019, Q3 2019, Q2 2019, Q1 2019, Q4 2018, Q3 2018, Q2 2018, Q1 2018, Q4 2017, Q3 2017, Q2 2017, Q1 2017, Q4 2016, Q3 2016, Q2 2016, Q1 2016, Q4 2015, Q3 2015, Q2 2015, Q1 2015, Q4 2014, Q3 2014, Q2 2014, Q1 2014, Q4 2013, Q3 2013, Q2 2013, Q1 2013, Q4 2012, Q3 2012, Q2 2012, Q1 2012, Q4 2011, Q3 2011, Q2 2011, Q1 2011, Q4 2010, Q3 2010, Q2 2010, Q1 2010, Q4 2009, Q3 2009, Q2 2009, Q1 2009, Q4 2008, Q3 2008",72
FMX,Fomento Economico Mexicano,1860928000,Q3 2025,2010,16,22,-14,2,4,32,long_term_winners,2026-09-01,"Q2 2026, Q1 2026, Q4 2025, Q3 2025, Q2 2025, Q1 2025, Q4 2024, Q3 2024, Q2 2024, Q1 2024, Q4 2023, Q3 2023, Q2 2023, Q1 2023, Q4 2022, Q3 2022, Q2 2022, Q1 2022, Q4 2021, Q3 2021, Q2 2021, Q1 2021, Q4 2020, Q3 2020, Q2 2020, Q1 2020, Q4 2019, Q3 2019, Q2 2019, Q1 2019, Q4 2018, Q3 2018, Q2 2018, Q1 2018, Q4 2017, Q3 2017, Q2 2017, Q1 2017, Q4 2016, Q3 2016, Q2 2016, Q1 2016, Q4 2015, Q3 2015, Q2 2015, Q1 2015, Q4 2014, Q3 2014, Q2 2014, Q1 2014, Q4 2013, Q3 2013, Q2 2013, Q1 2013, Q4 2012, Q3 2012, Q2 2012, Q1 2012, Q4 2011, Q3 2011, Q2 2011, Q1 2011, Q4 2010, Q3 2010, Q2 2010, Q1 2010, Q4 2009, Q3 2009, Q2 2009, Q1 2009, Q4 2008, Q3 2008",72
MBI,MBIA Inc.,29568000,Q2 2010,2010,16,44,-4,2,4,32,long_term_winners,2026-09-01,"Q2 2026, Q1 2026, Q4 2025, Q3 2025, Q2 2025, Q1 2025, Q4 2024, Q3 2024, Q2 2024, Q1 2024, Q4 2023, Q3 2023, Q2 2023, Q1 2023, Q4 2022, Q3 2022, Q2 2022, Q1 2022, Q4 2021, Q3 2021, Q2 2021, Q1 2021, Q4 2020, Q3 2020, Q2 2020, Q1 2020, Q4 2019, Q3 2019, Q2 2019, Q1 2019, Q4 2018, Q3 2018, Q2 2018, Q1 2018, Q4 2017, Q3 2017, Q2 2017, Q1 2017, Q4 2016, Q3 2016, Q2 2016, Q1 2016, Q4 2015, Q3 2015, Q2 2015, Q1 2015, Q4 2014, Q3 2014, Q2 2014, Q1 2014, Q4 2013, Q3 2013, Q2 2013, Q1 2013, Q4 2012, Q3 2012, Q2 2012, Q1 2012, Q4 2011, Q3 2011, Q2 2011, Q1 2011, Q4 2010, Q3 2010, Q2 2010, Q1 2010, Q4 2009, Q3 2009, Q2 2009, Q1 2009, Q4 2008, Q3 2008",72
EXPE,Expedia Group Inc.,43212000,Q1 2010,2010,16,48,-14,2,10,32,long_term_winners,2026-09-01,"Q2 2026, Q1 2026, Q4 2025, Q3 2025, Q2 2025, Q1 2025, Q4 2024, Q3 2024, Q2 2024, Q1 2024, Q4 2023, Q3 2023, Q2 2023, Q1 2023, Q4 2022, Q3 2022, Q2 2022, Q1 2022, Q4 2021, Q3 2021, Q2 2021, Q1 2021, Q4 2020, Q3 2020, Q2 2020, Q1 2020, Q4 2019, Q3 2019, Q2 2019, Q1 2019, Q4 2018, Q3 2018, Q2 2018, Q1 2018, Q4 2017, Q3 2017, Q2 2017, Q1 2017, Q4 2016, Q3 2016, Q2 2016, Q1 2016, Q4 2015, Q3 2015, Q2 2015, Q1 2015, Q4 2014, Q3 2014, Q2 2014, Q1 2014, Q4 2013, Q3 2013, Q2 2013, Q1 2013, Q4 2012, Q3 2012, Q2 2012, Q1 2012, Q4 2011, Q3 2011, Q2 2011, Q1 2011, Q4 2010, Q3 2010, Q2 2010, Q1 2010, Q4 2009, Q3 2009, Q2 2009, Q1 2009, Q4 2008, Q3 2008",72
RDNT,RadNet Inc.,8209000,Q2 2025,2007,19,9,5,1,3,19,long_term_winners,2026-09-01,"Q2 2026, Q1 2026, Q4 2025, Q3 2025, Q2 2025, Q1 2025, Q4 2024, Q3 2024, Q2 2024, Q1 2024, Q4 2023, Q3 2023, Q2 2023, Q1 2023, Q4 2022, Q3 2022, Q2 2022, Q1 2022, Q4 2021, Q3 2021, Q2 2021, Q1 2021, Q4 2020, Q3 2020, Q2 2020, Q1 2020, Q4 2019, Q3 2019, Q2 2019, Q1 2019, Q4 2018, Q3 2018, Q2 2018, Q1 2018, Q4 2017, Q3 2017, Q2 2017, Q1 2017, Q4 2016, Q3 2016, Q2 2016, Q1 2016, Q4 2015, Q3 2015, Q2 2015, Q1 2015, Q4 2014, Q3 2014, Q2 2014, Q1 2014, Q4 2013, Q3 2013, Q2 2013, Q1 2013, Q4 2012, Q3 2012, Q2 2012, Q1 2012, Q4 2011, Q3 2011, Q2 2011, Q1 2011, Q4 2010, Q3 2010, Q2 2010, Q1 2010, Q4 2009, Q3 2009, Q2 2009, Q1 2009, Q4 2008, Q3 2008",72
FCX,Freeport-McMoran Inc.,75539000,Q2 2007,2007,19,42,-8,1,5,19,long_term_winners,2026-09-01,"Q2 2026, Q1 2026, Q4 2025, Q3 2025, Q2 2025, Q1 2025, Q4 2024, Q3 2024, Q2 2024, Q1 2024, Q4 2023, Q3 2023, Q2 2023, Q1 2023, Q4 2022, Q3 2022, Q2 2022, Q1 2022, Q4 2021, Q3 2021, Q2 2021, Q1 2021, Q4 2020, Q3 2020, Q2 2020, Q1 2020, Q4 2019, Q3 2019, Q2 2019, Q1 2019, Q4 2018, Q3 2018, Q2 2018, Q1 2018, Q4 2017, Q3 2017, Q2 2017, Q1 2017, Q4 2016, Q3 2016, Q2 2016, Q1 2016, Q4 2015, Q3 2015, Q2 2015, Q1 2015, Q4 2014, Q3 2014, Q2 2014, Q1 2014, Q4 2013, Q3 2013, Q2 2013, Q1 2013, Q4 2012, Q3 2012, Q2 2012, Q1 2012, Q4 2011, Q3 2011, Q2 2011, Q1 2011, Q4 2010, Q3 2010, Q2 2010, Q1 2010, Q4 2009, Q3 2009, Q2 2009, Q1 2009, Q4 2008, Q3 2008",72
CLH,Clean Harbors Inc.,266606000,Q3 2025,2007,19,10,4,1,4,19,long_term_winners,2026-09-01,"Q2 2026, Q1 2026, Q4 2025, Q3 2025, Q2 2025, Q1 2025, Q4 2024, Q3 2024, Q2 2024, Q1 2024, Q4 2023, Q3 2023, Q2 2023, Q1 2023, Q4 2022, Q3 2022, Q2 2022, Q1 2022, Q4 2021, Q3 2021, Q2 2021, Q1 2021, Q4 2020, Q3 2020, Q2 2020, Q1 2020, Q4 2019, Q3 2019, Q2 2019, Q1 2019, Q4 2018, Q3 2018, Q2 2018, Q1 2018, Q4 2017, Q3 2017, Q2 2017, Q1 2017, Q4 2016, Q3 2016, Q2 2016, Q1 2016, Q4 2015, Q3 2015, Q2 2015, Q1 2015, Q4 2014, Q3 2014, Q2 2014, Q1 2014, Q4 2013, Q3 2013, Q2 2013, Q1 2013, Q4 2012, Q3 2012, Q2 2012, Q1 2012, Q4 2011, Q3 2011, Q2 2011, Q1 2011, Q4 2010, Q3 2010, Q2 2010, Q1 2010, Q4 2009, Q3 2009, Q2 2009, Q1 2009, Q4 2008, Q3 2008",72
EMN,Eastman Chemical,5020000,Q1 2025,2007,19,47,3,1,5,19,long_term_winners,2026-09-01,"Q2 2026, Q1 2026, Q4 2025, Q3 2025, Q2 2025, Q1 2025, Q4 2024, Q3 2024, Q2 2024, Q1 2024, Q4 2023, Q3 2023, Q2 2023, Q1 2023, Q4 2022, Q3 2022, Q2 2022, Q1 2022, Q4 2021, Q3 2021, Q2 2021, Q1 2021, Q4 2020, Q3 2020, Q2 2020, Q1 2020, Q4 2019, Q3 2019, Q2 2019, Q1 2019, Q4 2018, Q3 2018, Q2 2018, Q1 2018, Q4 2017, Q3 2017, Q2 2017, Q1 2017, Q4 2016, Q3 2016, Q2 2016, Q1 2016, Q4 2015, Q3 2015, Q2 2015, Q1 2015, Q4 2014, Q3 2014, Q2 2014, Q1 2014, Q4 2013, Q3 2013, Q2 2013, Q1 2013, Q4 2012, Q3 2012, Q2 2012, Q1 2012, Q4 2011, Q3 2011, Q2 2011, Q1 2011, Q4 2010, Q3 2010, Q2 2010, Q1 2010, Q4 2009, Q3 2009, Q2 2009, Q1 2009, Q4 2008, Q3 2008",72
RMD,ResMed Inc.,75548000,Q3 2008,2008,18,13,-1,1,4,18,long_term_winners,2026-09-01,"Q2 2026, Q1 2026, Q4 2025, Q3 2025, Q2 2025, Q1 2025, Q4 2024, Q3 2024, Q2 2024, Q1 2024, Q4 2023, Q3 2023, Q2 2023, Q1 2023, Q4 2022, Q3 2022, Q2 2022, Q1 2022, Q4 2021, Q3 2021, Q2 2021, Q1 2021, Q4 2020, Q3 2020, Q2 2020, Q1 2020, Q4 2019, Q3 2019, Q2 2019, Q1 2019, Q4 2018, Q3 2018, Q2 2018, Q1 2018, Q4 2017, Q3 2017, Q2 2017, Q1 2017, Q4 2016, Q3 2016, Q2 2016, Q1 2016, Q4 2015, Q3 2015, Q2 2015, Q1 2015, Q4 2014, Q3 2014, Q2 2014, Q1 2014, Q4 2013, Q3 2013, Q2 2013, Q1 2013, Q4 2012, Q3 2012, Q2 2012, Q1 2012, Q4 2011, Q3 2011, Q2 2011, Q1 2011, Q4 2010, Q3 2010, Q2 2010, Q1 2010, Q4 2009, Q3 2009, Q2 2009, Q1 2009, Q4 2008, Q3 2008",72
JOE,St. Joe Co.,1138762000,Q1 2008,2008,18,51,-21,1,1,18,long_term_winners,2026-09-01,"Q2 2026, Q1 2026, Q4 2025, Q3 2025, Q2 2025, Q1 2025, Q4 2024, Q3 2024, Q2 2024, Q1 2024, Q4 2023, Q3 2023, Q2 2023, Q1 2023, Q4 2022, Q3 2022, Q2 2022, Q1 2022, Q4 2021, Q3 2021, Q2 2021, Q1 2021, Q4 2020, Q3 2020, Q2 2020, Q1 2020, Q4 2019, Q3 2019, Q2 2019, Q1 2019, Q4 2018, Q3 2018, Q2 2018, Q1 2018, Q4 2017, Q3 2017, Q2 2017, Q1 2017, Q4 2016, Q3 2016, Q2 2016, Q1 2016, Q4 2015, Q3 2015, Q2 2015, Q1 2015, Q4 2014, Q3 2014, Q2 2014, Q1 2014, Q4 2013, Q3 2013, Q2 2013, Q1 2013, Q4 2012, Q3 2012, Q2 2012, Q1 2012, Q4 2011, Q3 2011, Q2 2011, Q1 2011, Q4 2010, Q3 2010, Q2 2010, Q1 2010, Q4 2009, Q3 2009, Q2 2009, Q1 2009, Q4 2008, Q3 2008",72
AN,AutoNation Inc.,283167000,Q1 2008,2008,18,34,6,1,5,18,long_term_winners,2026-09-01,"Q2 2026, Q1 2026, Q4 2025, Q3 2025, Q2 2025, Q1 2025, Q4 2024, Q3 2024, Q2 2024, Q1 2024, Q4 2023, Q3 2023, Q2 2023, Q1 2023, Q4 2022, Q3 2022, Q2 2022, Q1 2022, Q4 2021, Q3 2021, Q2 2021, Q1 2021, Q4 2020, Q3 2020, Q2 2020, Q1 2020, Q4 2019, Q3 2019, Q2 2019, Q1 2019, Q4 2018, Q3 2018, Q2 2018, Q1 2018, Q4 2017, Q3 2017, Q2 2017, Q1 2017, Q4 2016, Q3 2016, Q2 2016, Q1 2016, Q4 2015, Q3 2015, Q2 2015, Q1 2015, Q4 2014, Q3 2014, Q2 2014, Q1 2014, Q4 2013, Q3 2013, Q2 2013, Q1 2013, Q4 2012, Q3 2012, Q2 2012, Q1 2012, Q4 2011, Q3 2011, Q2 2011, Q1 2011, Q4 2010, Q3 2010, Q2 2010, Q1 2010, Q4 2009, Q3 2009, Q2 2009, Q1 2009, Q4 2008, Q3 2008",72
ALX,Alexander's Inc.,27284000,Q2 2025,2008,18,5,1,1,2,18,long_term_winners,2026-09-01,"Q2 2026, Q1 2026, Q4 2025, Q3 2025, Q2 2025, Q1 2025, Q4 2024, Q3 2024, Q2 2024, Q1 2024, Q4 2023, Q3 2023, Q2 2023, Q1 2023, Q4 2022, Q3 2022, Q2 2022, Q1 2022, Q4 2021, Q3 2021, Q2 2021, Q1 2021, Q4 2020, Q3 2020, Q2 2020, Q1 2020, Q4 2019, Q3 2019, Q2 2019, Q1 2019, Q4 2018, Q3 2018, Q2 2018, Q1 2018, Q4 2017, Q3 2017, Q2 2017, Q1 2017, Q4 2016, Q3 2016, Q2 2016, Q1 2016, Q4 2015, Q3 2015, Q2 2015, Q1 2015, Q4 2014, Q3 2014, Q2 2014, Q1 2014, Q4 2013, Q3 2013, Q2 2013, Q1 2013, Q4 2012, Q3 2012, Q2 2012, Q1 2012, Q4 2011, Q3 2011, Q2 2011, Q1 2011, Q4 2010, Q3 2010, Q2 2010, Q1 2010, Q4 2009, Q3 2009, Q2 2009, Q1 2009, Q4 2008, Q3 2008",72
HTZ,Hertz Global Hldgs Inc.,33956000,Q3 2014,2008,18,35,7,1,5,18,long_term_winners,2026-09-01,"Q2 2026, Q1 2026, Q4 2025, Q3 2025, Q2 2025, Q1 2025, Q4 2024, Q3 2024, Q2 2024, Q1 2024, Q4 2023, Q3 2023, Q2 2023, Q1 2023, Q4 2022, Q3 2022, Q2 2022, Q1 2022, Q4 2021, Q3 2021, Q2 2021, Q1 2021, Q4 2020, Q3 2020, Q2 2020, Q1 2020, Q4 2019, Q3 2019, Q2 2019, Q1 2019, Q4 2018, Q3 2018, Q2 2018, Q1 2018, Q4 2017, Q3 2017, Q2 2017, Q1 2017, Q4 2016, Q3 2016, Q2 2016, Q1 2016, Q4 2015, Q3 2015, Q2 2015, Q1 2015, Q4 2014, Q3 2014, Q2 2014, Q1 2014, Q4 2013, Q3 2013, Q2 2013, Q1 2013, Q4 2012, Q3 2012, Q2 2012, Q1 2012, Q4 2011, Q3 2011, Q2 2011, Q1 2011, Q4 2010, Q3 2010, Q2 2010, Q1 2010, Q4 2009, Q3 2009, Q2 2009, Q1 2009, Q4 2008, Q3 2008",72
RRC,Range Resources Corp.,238000,Q1 2026,2009,17,14,-6,1,5,17,long_term_winners,2026-09-01,"Q2 2026, Q1 2026, Q4 2025, Q3 2025, Q2 2025, Q1 2025, Q4 2024, Q3 2024, Q2 2024, Q1 2024, Q4 2023, Q3 2023, Q2 2023, Q1 2023, Q4 2022, Q3 2022, Q2 2022, Q1 2022, Q4 2021, Q3 2021, Q2 2021, Q1 2021, Q4 2020, Q3 2020, Q2 2020, Q1 2020, Q4 2019, Q3 2019, Q2 2019, Q1 2019, Q4 2018, Q3 2018, Q2 2018, Q1 2018, Q4 2017, Q3 2017, Q2 2017, Q1 2017, Q4 2016, Q3 2016, Q2 2016, Q1 2016, Q4 2015, Q3 2015, Q2 2015, Q1 2015, Q4 2014, Q3 2014, Q2 2014, Q1 2014, Q4 2013, Q3 2013, Q2 2013, Q1 2013, Q4 2012, Q3 2012, Q2 2012, Q1 2012, Q4 2011, Q3 2011, Q2 2011, Q1 2011, Q4 2010, Q3 2010, Q2 2010, Q1 2010, Q4 2009, Q3 2009, Q2 2009, Q1 2009, Q4 2008, Q3 2008",72
H,Hyatt Hotels Corp.,1499000,Q1 2025,2009,17,14,-8,1,4,17,long_term_winners,2026-09-01,"Q2 2026, Q1 2026, Q4 2025, Q3 2025, Q2 2025, Q1 2025, Q4 2024, Q3 2024, Q2 2024, Q1 2024, Q4 2023, Q3 2023, Q2 2023, Q1 2023, Q4 2022, Q3 2022, Q2 2022, Q1 2022, Q4 2021, Q3 2021, Q2 2021, Q1 2021, Q4 2020, Q3 2020, Q2 2020, Q1 2020, Q4 2019, Q3 2019, Q2 2019, Q1 2019, Q4 2018, Q3 2018, Q2 2018, Q1 2018, Q4 2017, Q3 2017, Q2 2017, Q1 2017, Q4 2016, Q3 2016, Q2 2016, Q1 2016, Q4 2015, Q3 2015, Q2 2015, Q1 2015, Q4 2014, Q3 2014, Q2 2014, Q1 2014, Q4 2013, Q3 2013, Q2 2013, Q1 2013, Q4 2012, Q3 2012, Q2 2012, Q1 2012, Q4 2011, Q3 2011, Q2 2011, Q1 2011, Q4 2010, Q3 2010, Q2 2010, Q1 2010, Q4 2009, Q3 2009, Q2 2009, Q1 2009, Q4 2008, Q3 2008",72
HHH,Howard Hughes Holdings Inc.,1991144000,Q2 2024,2010,16,33,1,1,6,16,long_term_winners,2026-09-01,"Q2 2026, Q1 2026, Q4 2025, Q3 2025, Q2 2025, Q1 2025, Q4 2024, Q3 2024, Q2 2024, Q1 2024, Q4 2023, Q3 2023, Q2 2023, Q1 2023, Q4 2022, Q3 2022, Q2 2022, Q1 2022, Q4 2021, Q3 2021, Q2 2021, Q1 2021, Q4 2020, Q3 2020, Q2 2020, Q1 2020, Q4 2019, Q3 2019, Q2 2019, Q1 2019, Q4 2018, Q3 2018, Q2 2018, Q1 2018, Q4 2017, Q3 2017, Q2 2017, Q1 2017, Q4 2016, Q3 2016, Q2 2016, Q1 2016, Q4 2015, Q3 2015, Q2 2015, Q1 2015, Q4 2014, Q3 2014, Q2 2014, Q1 2014, Q4 2013, Q3 2013, Q2 2013, Q1 2013, Q4 2012, Q3 2012, Q2 2012, Q1 2012, Q4 2011, Q3 2011, Q2 2011, Q1 2011, Q4 2010, Q3 2010, Q2 2010, Q1 2010, Q4 2009, Q3 2009, Q2 2009, Q1 2009, Q4 2008, Q3 2008",72
RF,Regions Financial Corp.,55563000,Q1 2010,2010,16,11,-3,1,3,16,long_term_winners,2026-09-01,"Q2 2026, Q1 2026, Q4 2025, Q3 2025, Q2 2025, Q1 2025, Q4 2024, Q3 2024, Q2 2024, Q1 2024, Q4 2023, Q3 2023, Q2 2023, Q1 2023, Q4 2022, Q3 2022, Q2 2022, Q1 2022, Q4 2021, Q3 2021, Q2 2021, Q1 2021, Q4 2020, Q3 2020, Q2 2020, Q1 2020, Q4 2019, Q3 2019, Q2 2019, Q1 2019, Q4 2018, Q3 2018, Q2 2018, Q1 2018, Q4 2017, Q3 2017, Q2 2017, Q1 2017, Q4 2016, Q3 2016, Q2 2016, Q1 2016, Q4 2015, Q3 2015, Q2 2015, Q1 2015, Q4 2014, Q3 2014, Q2 2014, Q1 2014, Q4 2013, Q3 2013, Q2 2013, Q1 2013, Q4 2012, Q3 2012, Q2 2012, Q1 2012, Q4 2011, Q3 2011, Q2 2011, Q1 2011, Q4 2010, Q3 2010, Q2 2010, Q1 2010, Q4 2009, Q3 2009, Q2 2009, Q1 2009, Q4 2008, Q3 2008",72
TECK,Teck Resources,497289000,Q1 2022,2010,16,51,-13,1,8,16,long_term_winners,2026-09-01,"Q2 2026, Q1 2026, Q4 2025, Q3 2025, Q2 2025, Q1 2025, Q4 2024, Q3 2024, Q2 2024, Q1 2024, Q4 2023, Q3 2023, Q2 2023, Q1 2023, Q4 2022, Q3 2022, Q2 2022, Q1 2022, Q4 2021, Q3 2021, Q2 2021, Q1 2021, Q4 2020, Q3 2020, Q2 2020, Q1 2020, Q4 2019, Q3 2019, Q2 2019, Q1 2019, Q4 2018, Q3 2018, Q2 2018, Q1 2018, Q4 2017, Q3 2017, Q2 2017, Q1 2017, Q4 2016, Q3 2016, Q2 2016, Q1 2016, Q4 2015, Q3 2015, Q2 2015, Q1 2015, Q4 2014, Q3 2014, Q2 2014, Q1 2014, Q4 2013, Q3 2013, Q2 2013, Q1 2013, Q4 2012, Q3 2012, Q2 2012, Q1 2012, Q4 2011, Q3 2011, Q2 2011, Q1 2011, Q4 2010, Q3 2010, Q2 2010, Q1 2010, Q4 2009, Q3 2009, Q2 2009, Q1 2009, Q4 2008, Q3 2008",72
