manager,career_length_years,early_stocks,late_stocks,diversification_change,activity_per_year_change,style_change_score,early_buy_pct,late_buy_pct,total_activities,evolution_type,evolution_score,_analysis_type,_generated,_periods,_window_quarters
Howard Marks,5,344,47,-297,-251.0,0.4855062116235875,33.557046979865774,34.04255319148936,1000,Less Active,548.4855062116236,manager_evolution_patterns,2026-08-01,"Q2 2026, Q1 2026, Q4 2025, Q3 2025, Q2 2025, Q1 2025, Q4 2024, Q3 2024, Q2 2024, Q1 2024, Q4 2023, Q3 2023, Q2 2023, Q1 2023, Q4 2022, Q3 2022, Q2 2022, Q1 2022, Q4 2021, Q3 2021, Q2 2021, Q1 2021, Q4 2020, Q3 2020, Q2 2020, Q1 2020, Q4 2019, Q3 2019, Q2 2019, Q1 2019, Q4 2018, Q3 2018, Q2 2018, Q1 2018, Q4 2017, Q3 2017, Q2 2017, Q1 2017, Q4 2016, Q3 2016",40
Bill Miller,6,146,64,-82,-183.0,17.581699346405234,43.52941176470589,61.11111111111112,1000,Less Active,282.58169934640523,manager_evolution_patterns,2026-08-01,"Q2 2026, Q1 2026, Q4 2025, Q3 2025, Q2 2025, Q1 2025, Q4 2024, Q3 2024, Q2 2024, Q1 2024, Q4 2023, Q3 2023, Q2 2023, Q1 2023, Q4 2022, Q3 2022, Q2 2022, Q1 2022, Q4 2021, Q3 2021, Q2 2021, Q1 2021, Q4 2020, Q3 2020, Q2 2020, Q1 2020, Q4 2019, Q3 2019, Q2 2019, Q1 2019, Q4 2018, Q3 2018, Q2 2018, Q1 2018, Q4 2017, Q3 2017, Q2 2017, Q1 2017, Q4 2016, Q3 2016",40
Daniel Loeb,6,220,85,-135,-135.0,1.3167285184127853,45.564516129032256,44.24778761061947,1000,Less Active,271.3167285184128,manager_evolution_patterns,2026-08-01,"Q2 2026, Q1 2026, Q4 2025, Q3 2025, Q2 2025, Q1 2025, Q4 2024, Q3 2024, Q2 2024, Q1 2024, Q4 2023, Q3 2023, Q2 2023, Q1 2023, Q4 2022, Q3 2022, Q2 2022, Q1 2022, Q4 2021, Q3 2021, Q2 2021, Q1 2021, Q4 2020, Q3 2020, Q2 2020, Q1 2020, Q4 2019, Q3 2019, Q2 2019, Q1 2019, Q4 2018, Q3 2018, Q2 2018, Q1 2018, Q4 2017, Q3 2017, Q2 2017, Q1 2017, Q4 2016, Q3 2016",40
Yacktman Asset Management,5,80,67,-13,-155.0,19.076912733629158,42.11711711711711,61.19402985074627,1000,Less Active,187.0769127336292,manager_evolution_patterns,2026-08-01,"Q2 2026, Q1 2026, Q4 2025, Q3 2025, Q2 2025, Q1 2025, Q4 2024, Q3 2024, Q2 2024, Q1 2024, Q4 2023, Q3 2023, Q2 2023, Q1 2023, Q4 2022, Q3 2022, Q2 2022, Q1 2022, Q4 2021, Q3 2021, Q2 2021, Q1 2021, Q4 2020, Q3 2020, Q2 2020, Q1 2020, Q4 2019, Q3 2019, Q2 2019, Q1 2019, Q4 2018, Q3 2018, Q2 2018, Q1 2018, Q4 2017, Q3 2017, Q2 2017, Q1 2017, Q4 2016, Q3 2016",40
Thomas Russo,5,85,68,-17,-137.0,1.8794835007173605,33.41463414634146,35.294117647058826,1000,Less Active,155.87948350071736,manager_evolution_patterns,2026-08-01,"Q2 2026, Q1 2026, Q4 2025, Q3 2025, Q2 2025, Q1 2025, Q4 2024, Q3 2024, Q2 2024, Q1 2024, Q4 2023, Q3 2023, Q2 2023, Q1 2023, Q4 2022, Q3 2022, Q2 2022, Q1 2022, Q4 2021, Q3 2021, Q2 2021, Q1 2021, Q4 2020, Q3 2020, Q2 2020, Q1 2020, Q4 2019, Q3 2019, Q2 2019, Q1 2019, Q4 2018, Q3 2018, Q2 2018, Q1 2018, Q4 2017, Q3 2017, Q2 2017, Q1 2017, Q4 2016, Q3 2016",40
Samantha McLemore,5,60,40,-20,-110.0,12.5,50.0,62.5,664,Less Active,142.5,manager_evolution_patterns,2026-08-01,"Q2 2026, Q1 2026, Q4 2025, Q3 2025, Q2 2025, Q1 2025, Q4 2024, Q3 2024, Q2 2024, Q1 2024, Q4 2023, Q3 2023, Q2 2023, Q1 2023, Q4 2022, Q3 2022, Q2 2022, Q1 2022, Q4 2021, Q3 2021, Q2 2021, Q1 2021, Q4 2020, Q3 2020, Q2 2020, Q1 2020, Q4 2019, Q3 2019, Q2 2019, Q1 2019, Q4 2018, Q3 2018, Q2 2018, Q1 2018, Q4 2017, Q3 2017, Q2 2017, Q1 2017, Q4 2016, Q3 2016",40
Jensen Investment Management,5,86,72,-14,-109.0,17.556783302639655,39.77900552486188,22.22222222222222,1000,Less Active,140.55678330263964,manager_evolution_patterns,2026-08-01,"Q2 2026, Q1 2026, Q4 2025, Q3 2025, Q2 2025, Q1 2025, Q4 2024, Q3 2024, Q2 2024, Q1 2024, Q4 2023, Q3 2023, Q2 2023, Q1 2023, Q4 2022, Q3 2022, Q2 2022, Q1 2022, Q4 2021, Q3 2021, Q2 2021, Q1 2021, Q4 2020, Q3 2020, Q2 2020, Q1 2020, Q4 2019, Q3 2019, Q2 2019, Q1 2019, Q4 2018, Q3 2018, Q2 2018, Q1 2018, Q4 2017, Q3 2017, Q2 2017, Q1 2017, Q4 2016, Q3 2016",40
Chase Coleman,7,150,86,-64,-58.5,10.037453183520606,70.0374531835206,60.0,1000,Less Active,132.5374531835206,manager_evolution_patterns,2026-08-01,"Q2 2026, Q1 2026, Q4 2025, Q3 2025, Q2 2025, Q1 2025, Q4 2024, Q3 2024, Q2 2024, Q1 2024, Q4 2023, Q3 2023, Q2 2023, Q1 2023, Q4 2022, Q3 2022, Q2 2022, Q1 2022, Q4 2021, Q3 2021, Q2 2021, Q1 2021, Q4 2020, Q3 2020, Q2 2020, Q1 2020, Q4 2019, Q3 2019, Q2 2019, Q1 2019, Q4 2018, Q3 2018, Q2 2018, Q1 2018, Q4 2017, Q3 2017, Q2 2017, Q1 2017, Q4 2016, Q3 2016",40
Leon Cooperman,9,110,64,-46,-55.33333333333334,12.804024967714168,53.53260869565217,66.33663366336634,1000,Less Active,114.13735830104751,manager_evolution_patterns,2026-08-01,"Q2 2026, Q1 2026, Q4 2025, Q3 2025, Q2 2025, Q1 2025, Q4 2024, Q3 2024, Q2 2024, Q1 2024, Q4 2023, Q3 2023, Q2 2023, Q1 2023, Q4 2022, Q3 2022, Q2 2022, Q1 2022, Q4 2021, Q3 2021, Q2 2021, Q1 2021, Q4 2020, Q3 2020, Q2 2020, Q1 2020, Q4 2019, Q3 2019, Q2 2019, Q1 2019, Q4 2018, Q3 2018, Q2 2018, Q1 2018, Q4 2017, Q3 2017, Q2 2017, Q1 2017, Q4 2016, Q3 2016",40
Tom Bancroft,5,15,11,-4,-21.5,80.0,80.0,0.0,157,Less Active,105.5,manager_evolution_patterns,2026-08-01,"Q2 2026, Q1 2026, Q4 2025, Q3 2025, Q2 2025, Q1 2025, Q4 2024, Q3 2024, Q2 2024, Q1 2024, Q4 2023, Q3 2023, Q2 2023, Q1 2023, Q4 2022, Q3 2022, Q2 2022, Q1 2022, Q4 2021, Q3 2021, Q2 2021, Q1 2021, Q4 2020, Q3 2020, Q2 2020, Q1 2020, Q4 2019, Q3 2019, Q2 2019, Q1 2019, Q4 2018, Q3 2018, Q2 2018, Q1 2018, Q4 2017, Q3 2017, Q2 2017, Q1 2017, Q4 2016, Q3 2016",40
Chuck Akre,15,65,32,-33,-28.800000000000004,23.354159435381234,57.46268656716418,34.10852713178294,1000,Less Active,85.15415943538125,manager_evolution_patterns,2026-08-01,"Q2 2026, Q1 2026, Q4 2025, Q3 2025, Q2 2025, Q1 2025, Q4 2024, Q3 2024, Q2 2024, Q1 2024, Q4 2023, Q3 2023, Q2 2023, Q1 2023, Q4 2022, Q3 2022, Q2 2022, Q1 2022, Q4 2021, Q3 2021, Q2 2021, Q1 2021, Q4 2020, Q3 2020, Q2 2020, Q1 2020, Q4 2019, Q3 2019, Q2 2019, Q1 2019, Q4 2018, Q3 2018, Q2 2018, Q1 2018, Q4 2017, Q3 2017, Q2 2017, Q1 2017, Q4 2016, Q3 2016",40
William Von Mueffling,8,37,54,17,62.75,1.6196170438204816,28.767123287671232,30.386740331491712,1000,More Active,81.36961704382048,manager_evolution_patterns,2026-08-01,"Q2 2026, Q1 2026, Q4 2025, Q3 2025, Q2 2025, Q1 2025, Q4 2024, Q3 2024, Q2 2024, Q1 2024, Q4 2023, Q3 2023, Q2 2023, Q1 2023, Q4 2022, Q3 2022, Q2 2022, Q1 2022, Q4 2021, Q3 2021, Q2 2021, Q1 2021, Q4 2020, Q3 2020, Q2 2020, Q1 2020, Q4 2019, Q3 2019, Q2 2019, Q1 2019, Q4 2018, Q3 2018, Q2 2018, Q1 2018, Q4 2017, Q3 2017, Q2 2017, Q1 2017, Q4 2016, Q3 2016",40
Alex Roepers,15,80,38,-42,-33.99999999999999,4.574715596854084,50.68870523415978,46.1139896373057,926,Less Active,80.57471559685408,manager_evolution_patterns,2026-08-01,"Q2 2026, Q1 2026, Q4 2025, Q3 2025, Q2 2025, Q1 2025, Q4 2024, Q3 2024, Q2 2024, Q1 2024, Q4 2023, Q3 2023, Q2 2023, Q1 2023, Q4 2022, Q3 2022, Q2 2022, Q1 2022, Q4 2021, Q3 2021, Q2 2021, Q1 2021, Q4 2020, Q3 2020, Q2 2020, Q1 2020, Q4 2019, Q3 2019, Q2 2019, Q1 2019, Q4 2018, Q3 2018, Q2 2018, Q1 2018, Q4 2017, Q3 2017, Q2 2017, Q1 2017, Q4 2016, Q3 2016",40
Terry Smith,9,43,52,9,16.33333333333333,55.00127800971288,75.6198347107438,20.61855670103093,1000,More Active,80.3346113430462,manager_evolution_patterns,2026-08-01,"Q2 2026, Q1 2026, Q4 2025, Q3 2025, Q2 2025, Q1 2025, Q4 2024, Q3 2024, Q2 2024, Q1 2024, Q4 2023, Q3 2023, Q2 2023, Q1 2023, Q4 2022, Q3 2022, Q2 2022, Q1 2022, Q4 2021, Q3 2021, Q2 2021, Q1 2021, Q4 2020, Q3 2020, Q2 2020, Q1 2020, Q4 2019, Q3 2019, Q2 2019, Q1 2019, Q4 2018, Q3 2018, Q2 2018, Q1 2018, Q4 2017, Q3 2017, Q2 2017, Q1 2017, Q4 2016, Q3 2016",40
Lindsell Train,9,29,35,6,22.33333333333333,48.72941433089758,73.58490566037736,24.85549132947977,419,More Active,77.06274766423091,manager_evolution_patterns,2026-08-01,"Q2 2026, Q1 2026, Q4 2025, Q3 2025, Q2 2025, Q1 2025, Q4 2024, Q3 2024, Q2 2024, Q1 2024, Q4 2023, Q3 2023, Q2 2023, Q1 2023, Q4 2022, Q3 2022, Q2 2022, Q1 2022, Q4 2021, Q3 2021, Q2 2021, Q1 2021, Q4 2020, Q3 2020, Q2 2020, Q1 2020, Q4 2019, Q3 2019, Q2 2019, Q1 2019, Q4 2018, Q3 2018, Q2 2018, Q1 2018, Q4 2017, Q3 2017, Q2 2017, Q1 2017, Q4 2016, Q3 2016",40
David Abrams,14,49,27,-22,-16.916666666666664,36.70374115267948,62.7906976744186,26.08695652173913,381,Less Active,75.62040781934614,manager_evolution_patterns,2026-08-01,"Q2 2026, Q1 2026, Q4 2025, Q3 2025, Q2 2025, Q1 2025, Q4 2024, Q3 2024, Q2 2024, Q1 2024, Q4 2023, Q3 2023, Q2 2023, Q1 2023, Q4 2022, Q3 2022, Q2 2022, Q1 2022, Q4 2021, Q3 2021, Q2 2021, Q1 2021, Q4 2020, Q3 2020, Q2 2020, Q1 2020, Q4 2019, Q3 2019, Q2 2019, Q1 2019, Q4 2018, Q3 2018, Q2 2018, Q1 2018, Q4 2017, Q3 2017, Q2 2017, Q1 2017, Q4 2016, Q3 2016",40
Francois Rochon,7,60,83,23,39.0,13.398514061716572,79.12621359223301,65.72769953051643,1000,More Active,75.39851406171657,manager_evolution_patterns,2026-08-01,"Q2 2026, Q1 2026, Q4 2025, Q3 2025, Q2 2025, Q1 2025, Q4 2024, Q3 2024, Q2 2024, Q1 2024, Q4 2023, Q3 2023, Q2 2023, Q1 2023, Q4 2022, Q3 2022, Q2 2022, Q1 2022, Q4 2021, Q3 2021, Q2 2021, Q1 2021, Q4 2020, Q3 2020, Q2 2020, Q1 2020, Q4 2019, Q3 2019, Q2 2019, Q1 2019, Q4 2018, Q3 2018, Q2 2018, Q1 2018, Q4 2017, Q3 2017, Q2 2017, Q1 2017, Q4 2016, Q3 2016",40
Harry Burn,8,62,91,29,35.25,5.814704971006152,37.5609756097561,43.37568058076225,1000,More Active,70.06470497100615,manager_evolution_patterns,2026-08-01,"Q2 2026, Q1 2026, Q4 2025, Q3 2025, Q2 2025, Q1 2025, Q4 2024, Q3 2024, Q2 2024, Q1 2024, Q4 2023, Q3 2023, Q2 2023, Q1 2023, Q4 2022, Q3 2022, Q2 2022, Q1 2022, Q4 2021, Q3 2021, Q2 2021, Q1 2021, Q4 2020, Q3 2020, Q2 2020, Q1 2020, Q4 2019, Q3 2019, Q2 2019, Q1 2019, Q4 2018, Q3 2018, Q2 2018, Q1 2018, Q4 2017, Q3 2017, Q2 2017, Q1 2017, Q4 2016, Q3 2016",40
Clifford Sosin,9,11,6,-5,-3.0,53.91937290033595,72.3404255319149,18.421052631578945,117,Style Shifter,61.91937290033595,manager_evolution_patterns,2026-08-01,"Q2 2026, Q1 2026, Q4 2025, Q3 2025, Q2 2025, Q1 2025, Q4 2024, Q3 2024, Q2 2024, Q1 2024, Q4 2023, Q3 2023, Q2 2023, Q1 2023, Q4 2022, Q3 2022, Q2 2022, Q1 2022, Q4 2021, Q3 2021, Q2 2021, Q1 2021, Q4 2020, Q3 2020, Q2 2020, Q1 2020, Q4 2019, Q3 2019, Q2 2019, Q1 2019, Q4 2018, Q3 2018, Q2 2018, Q1 2018, Q4 2017, Q3 2017, Q2 2017, Q1 2017, Q4 2016, Q3 2016",40
Glenn Greenberg,15,39,60,21,29.40000000000001,10.094925155166118,51.00401606425703,40.909090909090914,1000,More Active,60.49492515516612,manager_evolution_patterns,2026-08-01,"Q2 2026, Q1 2026, Q4 2025, Q3 2025, Q2 2025, Q1 2025, Q4 2024, Q3 2024, Q2 2024, Q1 2024, Q4 2023, Q3 2023, Q2 2023, Q1 2023, Q4 2022, Q3 2022, Q2 2022, Q1 2022, Q4 2021, Q3 2021, Q2 2021, Q1 2021, Q4 2020, Q3 2020, Q2 2020, Q1 2020, Q4 2019, Q3 2019, Q2 2019, Q1 2019, Q4 2018, Q3 2018, Q2 2018, Q1 2018, Q4 2017, Q3 2017, Q2 2017, Q1 2017, Q4 2016, Q3 2016",40
Valley Forge Capital Management,8,9,13,4,-2.0,54.16666666666667,100.0,45.83333333333333,124,Style Shifter,60.16666666666667,manager_evolution_patterns,2026-08-01,"Q2 2026, Q1 2026, Q4 2025, Q3 2025, Q2 2025, Q1 2025, Q4 2024, Q3 2024, Q2 2024, Q1 2024, Q4 2023, Q3 2023, Q2 2023, Q1 2023, Q4 2022, Q3 2022, Q2 2022, Q1 2022, Q4 2021, Q3 2021, Q2 2021, Q1 2021, Q4 2020, Q3 2020, Q2 2020, Q1 2020, Q4 2019, Q3 2019, Q2 2019, Q1 2019, Q4 2018, Q3 2018, Q2 2018, Q1 2018, Q4 2017, Q3 2017, Q2 2017, Q1 2017, Q4 2016, Q3 2016",40
Mohnish Pabrai,18,34,14,-20,-21.5,17.838028169014088,38.5,56.33802816901409,354,Less Active,59.33802816901409,manager_evolution_patterns,2026-08-01,"Q2 2026, Q1 2026, Q4 2025, Q3 2025, Q2 2025, Q1 2025, Q4 2024, Q3 2024, Q2 2024, Q1 2024, Q4 2023, Q3 2023, Q2 2023, Q1 2023, Q4 2022, Q3 2022, Q2 2022, Q1 2022, Q4 2021, Q3 2021, Q2 2021, Q1 2021, Q4 2020, Q3 2020, Q2 2020, Q1 2020, Q4 2019, Q3 2019, Q2 2019, Q1 2019, Q4 2018, Q3 2018, Q2 2018, Q1 2018, Q4 2017, Q3 2017, Q2 2017, Q1 2017, Q4 2016, Q3 2016",40
Bill & Melinda Gates Foundation Trust,20,114,96,-18,-18.875,20.22839712829669,60.84142394822006,40.61302681992337,645,Less Active,57.10339712829669,manager_evolution_patterns,2026-08-01,"Q2 2026, Q1 2026, Q4 2025, Q3 2025, Q2 2025, Q1 2025, Q4 2024, Q3 2024, Q2 2024, Q1 2024, Q4 2023, Q3 2023, Q2 2023, Q1 2023, Q4 2022, Q3 2022, Q2 2022, Q1 2022, Q4 2021, Q3 2021, Q2 2021, Q1 2021, Q4 2020, Q3 2020, Q2 2020, Q1 2020, Q4 2019, Q3 2019, Q2 2019, Q1 2019, Q4 2018, Q3 2018, Q2 2018, Q1 2018, Q4 2017, Q3 2017, Q2 2017, Q1 2017, Q4 2016, Q3 2016",40
Seth Klarman,11,80,106,26,10.200000000000005,16.798122065727704,56.00000000000001,39.201877934272304,1000,More Active,52.998122065727706,manager_evolution_patterns,2026-08-01,"Q2 2026, Q1 2026, Q4 2025, Q3 2025, Q2 2025, Q1 2025, Q4 2024, Q3 2024, Q2 2024, Q1 2024, Q4 2023, Q3 2023, Q2 2023, Q1 2023, Q4 2022, Q3 2022, Q2 2022, Q1 2022, Q4 2021, Q3 2021, Q2 2021, Q1 2021, Q4 2020, Q3 2020, Q2 2020, Q1 2020, Q4 2019, Q3 2019, Q2 2019, Q1 2019, Q4 2018, Q3 2018, Q2 2018, Q1 2018, Q4 2017, Q3 2017, Q2 2017, Q1 2017, Q4 2016, Q3 2016",40
Bruce Berkowitz,20,73,53,-20,-30.166666666666664,2.0160975228569136,50.52356020942408,48.507462686567166,850,Less Active,52.18276418952358,manager_evolution_patterns,2026-08-01,"Q2 2026, Q1 2026, Q4 2025, Q3 2025, Q2 2025, Q1 2025, Q4 2024, Q3 2024, Q2 2024, Q1 2024, Q4 2023, Q3 2023, Q2 2023, Q1 2023, Q4 2022, Q3 2022, Q2 2022, Q1 2022, Q4 2021, Q3 2021, Q2 2021, Q1 2021, Q4 2020, Q3 2020, Q2 2020, Q1 2020, Q4 2019, Q3 2019, Q2 2019, Q1 2019, Q4 2018, Q3 2018, Q2 2018, Q1 2018, Q4 2017, Q3 2017, Q2 2017, Q1 2017, Q4 2016, Q3 2016",40
Greg Alexander,7,24,8,-16,-32.5,1.6877637130801648,31.64556962025317,33.33333333333333,138,Less Active,50.187763713080166,manager_evolution_patterns,2026-08-01,"Q2 2026, Q1 2026, Q4 2025, Q3 2025, Q2 2025, Q1 2025, Q4 2024, Q3 2024, Q2 2024, Q1 2024, Q4 2023, Q3 2023, Q2 2023, Q1 2023, Q4 2022, Q3 2022, Q2 2022, Q1 2022, Q4 2021, Q3 2021, Q2 2021, Q1 2021, Q4 2020, Q3 2020, Q2 2020, Q1 2020, Q4 2019, Q3 2019, Q2 2019, Q1 2019, Q4 2018, Q3 2018, Q2 2018, Q1 2018, Q4 2017, Q3 2017, Q2 2017, Q1 2017, Q4 2016, Q3 2016",40
Thomas Gayner,6,110,93,-17,-26.5,4.191906097532239,90.282131661442,86.09022556390977,1000,Less Active,47.69190609753224,manager_evolution_patterns,2026-08-01,"Q2 2026, Q1 2026, Q4 2025, Q3 2025, Q2 2025, Q1 2025, Q4 2024, Q3 2024, Q2 2024, Q1 2024, Q4 2023, Q3 2023, Q2 2023, Q1 2023, Q4 2022, Q3 2022, Q2 2022, Q1 2022, Q4 2021, Q3 2021, Q2 2021, Q1 2021, Q4 2020, Q3 2020, Q2 2020, Q1 2020, Q4 2019, Q3 2019, Q2 2019, Q1 2019, Q4 2018, Q3 2018, Q2 2018, Q1 2018, Q4 2017, Q3 2017, Q2 2017, Q1 2017, Q4 2016, Q3 2016",40
Christopher Bloomstran,9,37,52,15,20.66666666666667,11.998566580239894,44.97354497354497,56.97211155378486,758,More Active,47.66523324690657,manager_evolution_patterns,2026-08-01,"Q2 2026, Q1 2026, Q4 2025, Q3 2025, Q2 2025, Q1 2025, Q4 2024, Q3 2024, Q2 2024, Q1 2024, Q4 2023, Q3 2023, Q2 2023, Q1 2023, Q4 2022, Q3 2022, Q2 2022, Q1 2022, Q4 2021, Q3 2021, Q2 2021, Q1 2021, Q4 2020, Q3 2020, Q2 2020, Q1 2020, Q4 2019, Q3 2019, Q2 2019, Q1 2019, Q4 2018, Q3 2018, Q2 2018, Q1 2018, Q4 2017, Q3 2017, Q2 2017, Q1 2017, Q4 2016, Q3 2016",40
David Tepper,8,66,85,19,16.25,9.639170315446322,49.25373134328358,39.61456102783726,1000,More Active,44.88917031544632,manager_evolution_patterns,2026-08-01,"Q2 2026, Q1 2026, Q4 2025, Q3 2025, Q2 2025, Q1 2025, Q4 2024, Q3 2024, Q2 2024, Q1 2024, Q4 2023, Q3 2023, Q2 2023, Q1 2023, Q4 2022, Q3 2022, Q2 2022, Q1 2022, Q4 2021, Q3 2021, Q2 2021, Q1 2021, Q4 2020, Q3 2020, Q2 2020, Q1 2020, Q4 2019, Q3 2019, Q2 2019, Q1 2019, Q4 2018, Q3 2018, Q2 2018, Q1 2018, Q4 2017, Q3 2017, Q2 2017, Q1 2017, Q4 2016, Q3 2016",40
Dennis Hong,8,7,21,14,12.75,17.737256527144634,57.89473684210527,40.15748031496063,213,More Active,44.48725652714464,manager_evolution_patterns,2026-08-01,"Q2 2026, Q1 2026, Q4 2025, Q3 2025, Q2 2025, Q1 2025, Q4 2024, Q3 2024, Q2 2024, Q1 2024, Q4 2023, Q3 2023, Q2 2023, Q1 2023, Q4 2022, Q3 2022, Q2 2022, Q1 2022, Q4 2021, Q3 2021, Q2 2021, Q1 2021, Q4 2020, Q3 2020, Q2 2020, Q1 2020, Q4 2019, Q3 2019, Q2 2019, Q1 2019, Q4 2018, Q3 2018, Q2 2018, Q1 2018, Q4 2017, Q3 2017, Q2 2017, Q1 2017, Q4 2016, Q3 2016",40
