ticker,company_name,top_managers,managers_shown,manager_count,total_value,avg_portfolio_pct,total_shares,max_portfolio_pct,consensus_score,first_period,latest_period,recent_buyers,_analysis_type,_generated,_periods,_window_quarters
AMZN,Amazon.com Inc.,"AltaRock Partners, Viking Global Investors, Glenn Greenberg, Bill Ackman, Daniel Loeb, +29 more",5,34,20776721000,7.03,87172409,32.21,239.16,Q1 2019,Q4 2025,24.0,multi_manager_favorites,2026-09-03,"Q2 2026, Q1 2026, Q4 2025",3
GOOG,Alphabet Inc. CL C,"First Eagle Investment Management, Kahn Brothers Group, Glenn Greenberg, David Tepper, Duan Yongping, +29 more",5,34,30919831000,6.23,87509726,23.39,211.75,Q1 2017,Q4 2025,16.0,multi_manager_favorites,2026-09-03,"Q2 2026, Q1 2026, Q4 2025",3
BRK.B,Berkshire Hathaway CL B,"First Eagle Investment Management, Muhlenkamp, Duan Yongping, Christopher Bloomstran, Chuck Akre, +21 more",5,26,16239545000,7.62,32453758,33.89,198.14,Q1 2008,Q4 2025,13.0,multi_manager_favorites,2026-09-03,"Q2 2026, Q1 2026, Q4 2025",3
GOOGL,Alphabet Inc.,"First Eagle Investment Management, AltaRock Partners, Glenn Greenberg, Daniel Loeb, Stephen Mandel, +31 more",5,36,43755497000,4.75,122437406,24.55,170.86,Q1 2013,Q4 2025,15.0,multi_manager_favorites,2026-09-03,"Q2 2026, Q1 2026, Q4 2025",3
MSFT,Microsoft Corp.,"First Eagle Investment Management, Muhlenkamp, AltaRock Partners, Kahn Brothers Group, Viking Global Investors, +32 more",5,37,14687184000,3.94,39373656,20.54,145.91,Q1 2013,Q4 2025,33.0,multi_manager_favorites,2026-09-03,"Q2 2026, Q1 2026, Q4 2025",3
BRK.A,Berkshire Hathaway CL A,"First Eagle Investment Management, Christopher Bloomstran, Norbert Lou, Bruce Berkowitz, Francois Rochon, +12 more",5,17,3540571000,8.48,4728,42.42,144.12,Q1 2007,Q4 2025,3.0,multi_manager_favorites,2026-09-03,"Q2 2026, Q1 2026, Q4 2025",3
V,Visa Inc.,"AltaRock Partners, Viking Global Investors, Glenn Greenberg, Bill Ackman, Stephen Mandel, +25 more",5,30,22570783000,4.68,65786773,19.83,140.47,Q1 2009,Q4 2025,21.0,multi_manager_favorites,2026-09-03,"Q2 2026, Q1 2026, Q4 2025",3
META,Meta Platforms Inc.,"First Eagle Investment Management, Viking Global Investors, Glenn Greenberg, Bill Ackman, David Rolfe, +26 more",5,31,14823867000,4.18,26315988,20.45,129.56,Q1 2017,Q4 2025,24.0,multi_manager_favorites,2026-09-03,"Q2 2026, Q1 2026, Q4 2025",3
CVNA,Carvana Co.,"Viking Global Investors, Stephen Mandel, Lee Ainslie, Henry Ellenbogen, Clifford Sosin, +2 more",5,7,3722970000,17.37,56562902,78.85,121.59,Q1 2018,Q4 2025,6.0,multi_manager_favorites,2026-09-03,"Q2 2026, Q1 2026, Q4 2025",3
MA,Mastercard Inc.,"AltaRock Partners, Glenn Greenberg, Bill Ackman, Valley Forge Capital Management, Christopher Bloomstran, +16 more",5,21,6148680000,5.54,11971727,20.01,116.35,Q1 2011,Q4 2025,13.0,multi_manager_favorites,2026-09-03,"Q2 2026, Q1 2026, Q4 2025",3
AAPL,Apple Inc.,"Muhlenkamp, Kahn Brothers Group, David Rolfe, Duan Yongping, Christopher Bloomstran, +17 more",5,22,74939400000,4.56,258983287,41.05,100.33,Q1 2013,Q4 2025,12.0,multi_manager_favorites,2026-09-03,"Q2 2026, Q1 2026, Q4 2025",3
TSM,Taiwan Semiconductor S.A.,"First Eagle Investment Management, Viking Global Investors, Daniel Loeb, Stephen Mandel, David Rolfe, +19 more",5,24,9742601000,3.37,20400496,10.55,80.85,Q1 2020,Q4 2025,15.0,multi_manager_favorites,2026-09-03,"Q2 2026, Q1 2026, Q4 2025",3
GE,GE Aerospace,"Christopher Bloomstran, Chris Hohn, Arnold Van Den Berg, Mairs & Power Funds, Dodge & Cox Funds, +5 more",5,10,20012627000,7.94,53548352,35.61,79.36,Q1 2011,Q4 2025,4.0,multi_manager_favorites,2026-09-03,"Q2 2026, Q1 2026, Q4 2025",3
MCO,Moody's Corp.,"AltaRock Partners, Glenn Greenberg, Valley Forge Capital Management, Chuck Akre, Bill Nygren, +12 more",5,17,20032119000,4.57,44228825,19.14,77.77,Q1 2010,Q4 2025,7.0,multi_manager_favorites,2026-09-03,"Q2 2026, Q1 2026, Q4 2025",3
TDG,TransDigm Group Inc.,"AltaRock Partners, Daniel Loeb, Stephen Mandel, Triple Frond Partners, Bryan Lawrence, +1 more",5,6,1710912000,10.27,1284430,27.51,61.61,Q1 2018,Q4 2025,3.0,multi_manager_favorites,2026-09-03,"Q2 2026, Q1 2026, Q4 2025",3
BN,Brookfield Corp.,"Bill Ackman, Stephen Mandel, Chuck Akre, Arnold Van Den Berg, Josh Tarasoff, +4 more",5,9,6435612000,6.71,151106127,16.29,60.39,Q1 2011,Q4 2025,3.0,multi_manager_favorites,2026-09-03,"Q2 2026, Q1 2026, Q4 2025",3
SPGI,S&P Global Inc.,"Glenn Greenberg, Bill Ackman, Valley Forge Capital Management, David Rolfe, Christopher Bloomstran, +9 more",5,14,7846649000,4.28,19266930,19.92,59.89,Q1 2013,Q4 2025,12.0,multi_manager_favorites,2026-09-03,"Q2 2026, Q1 2026, Q4 2025",3
ASML,ASML Holding NV,"Daniel Loeb, Stephen Mandel, Valley Forge Capital Management, David Tepper, Lee Ainslie, +4 more",5,9,2171288000,6.58,1091445,21.11,59.24,Q1 2023,Q4 2025,9.0,multi_manager_favorites,2026-09-03,"Q2 2026, Q1 2026, Q4 2025",3
NVDA,NVIDIA Corp.,"David Tepper, Duan Yongping, Lee Ainslie, Bill Nygren, Chase Coleman, +13 more",5,18,7261980000,3.28,36293621,9.34,59.03,Q1 2020,Q4 2025,13.0,multi_manager_favorites,2026-09-03,"Q2 2026, Q1 2026, Q4 2025",3
IBKR,Interactive Brokers Group Inc.,"Viking Global Investors, Stephen Mandel, Robert Vinall, Bryan Lawrence, William Von Mueffling, +1 more",5,6,1013797000,9.65,11647489,33.42,57.93,Q1 2020,Q4 2025,5.0,multi_manager_favorites,2026-09-03,"Q2 2026, Q1 2026, Q4 2025",3
FICO,Fair Isaac Corp.,"Valley Forge Capital Management, Chuck Akre, John Rogers, Terry Smith, AKO Capital, +3 more",5,8,1659394000,5.96,1388870,25.77,47.67,Q1 2020,Q4 2025,6.0,multi_manager_favorites,2026-09-03,"Q2 2026, Q1 2026, Q4 2025",3
UBER,Uber Technologies Inc.,"Bill Ackman, David Tepper, Chase Coleman, First Pacific Advisors, Pat Dorsey, +6 more",5,11,4488951000,3.88,62208276,12.72,42.7,Q1 2020,Q4 2025,9.0,multi_manager_favorites,2026-09-03,"Q2 2026, Q1 2026, Q4 2025",3
AMAT,Applied Materials,"Glenn Greenberg, Stephen Mandel, Abrams Bison Investments, Lee Ainslie, Bill Nygren, +7 more",5,12,3012319000,3.52,4166484,19.48,42.28,Q1 2020,Q4 2025,7.0,multi_manager_favorites,2026-09-03,"Q2 2026, Q1 2026, Q4 2025",3
C,Citigroup Inc.,"Kahn Brothers Group, Bill Nygren, First Pacific Advisors, Samantha McLemore, Sarah Ketterer, +3 more",5,8,2892143000,4.96,20664062,18.5,39.7,Q1 2010,Q4 2025,1.0,multi_manager_favorites,2026-09-03,"Q2 2026, Q1 2026, Q4 2025",3
COF,Capital One Financial,"Viking Global Investors, Glenn Greenberg, Daniel Loeb, Abrams Bison Investments, Lee Ainslie, +11 more",5,16,8654828000,2.41,43139883,7.13,38.55,Q1 2020,Q4 2025,10.0,multi_manager_favorites,2026-09-03,"Q2 2026, Q1 2026, Q4 2025",3
SUNB,Sunbelt Rentals Holdings Inc,"Glenn Greenberg, Christopher Bloomstran, Abrams Bison Investments, Bill Nygren, Francois Rochon, +6 more",5,11,6431651000,3.46,85931300,10.59,38.08,Q1 2026,Q2 2026,12.0,multi_manager_favorites,2026-09-03,"Q2 2026, Q1 2026, Q4 2025",3
AXP,American Express,"First Eagle Investment Management, Christopher Bloomstran, Bill Nygren, Warren Buffett, Francois Rochon, +11 more",5,16,52363646000,2.38,154807652,17.14,38.06,Q1 2009,Q4 2025,3.0,multi_manager_favorites,2026-09-03,"Q2 2026, Q1 2026, Q4 2025",3
ELV,Elevance Health Inc.,"First Eagle Investment Management, Glenn Greenberg, Bill Nygren, Arnold Van Den Berg, Ruane Cunniff LP, +7 more",5,12,5160316000,3.12,13343460,9.11,37.48,Q1 2009,Q4 2025,8.0,multi_manager_favorites,2026-09-03,"Q2 2026, Q1 2026, Q4 2025",3
CROX,Crocs Inc.,"Bill Miller, David Einhorn, Norbert Lou, Li Lu, Samantha McLemore, +1 more",5,6,359612000,6.06,2980866,27.2,36.36,Q1 2023,Q4 2025,5.0,multi_manager_favorites,2026-09-03,"Q2 2026, Q1 2026, Q4 2025",3
DIS,Walt Disney Co.,"First Eagle Investment Management, Kahn Brothers Group, Viking Global Investors, Duan Yongping, Christopher Bloomstran, +15 more",5,20,2421963000,1.77,25163255,9.55,35.46,Q1 2017,Q4 2025,17.0,multi_manager_favorites,2026-09-03,"Q2 2026, Q1 2026, Q4 2025",3
CVS,CVS Health Corp.,"Viking Global Investors, Bill Nygren, John Rogers, Hillman Capital Management, Prem Watsa, +5 more",5,10,8522911000,3.25,82386660,10.63,32.51,Q1 2019,Q4 2025,6.0,multi_manager_favorites,2026-09-03,"Q2 2026, Q1 2026, Q4 2025",3
EQH,Equitable Holdings Inc.,"Viking Global Investors, Bill Nygren, Ruane Cunniff LP, Greg Alexander, Richard Pzena",5,5,1083400000,6.47,24690047,30.38,32.36,Q1 2022,Q4 2025,3.0,multi_manager_favorites,2026-09-03,"Q2 2026, Q1 2026, Q4 2025",3
AVGO,Broadcom Inc.,"David Tepper, Lee Ainslie, Bill Nygren, Chase Coleman, First Pacific Advisors, +8 more",5,13,1752812000,2.32,4640134,10.61,30.15,Q1 2020,Q4 2025,12.0,multi_manager_favorites,2026-09-03,"Q2 2026, Q1 2026, Q4 2025",3
ICLR,ICON plc,"Muhlenkamp, Glenn Greenberg, Bill Nygren, First Pacific Advisors, Ruane Cunniff LP, +1 more",5,6,2335186000,4.9,13443016,11.94,29.39,Q1 2025,Q4 2025,8.0,multi_manager_favorites,2026-09-03,"Q2 2026, Q1 2026, Q4 2025",3
FERG,Ferguson Enterprises Inc.,"First Eagle Investment Management, Henry Ellenbogen, First Pacific Advisors, Francois Rochon, Ruane Cunniff LP, +6 more",5,11,1963409000,2.53,8272914,6.88,27.83,Q1 2021,Q4 2025,9.0,multi_manager_favorites,2026-09-03,"Q2 2026, Q1 2026, Q4 2025",3
SCHW,Charles Schwab Corp.,"Viking Global Investors, Bill Nygren, Francois Rochon, John Rogers, Mairs & Power Funds, +6 more",5,11,11497015000,2.52,124601895,6.56,27.71,Q1 2013,Q4 2025,9.0,multi_manager_favorites,2026-09-03,"Q2 2026, Q1 2026, Q4 2025",3
ADI,Analog Devices,"Glenn Greenberg, Lee Ainslie, First Pacific Advisors, Francois Rochon, Mairs & Power Funds, +6 more",5,11,1448359000,2.38,3646692,7.97,26.18,Q1 2020,Q4 2025,6.0,multi_manager_favorites,2026-09-03,"Q2 2026, Q1 2026, Q4 2025",3
MKL,Markel Group Inc.,"Francois Rochon, Josh Tarasoff, Thomas Russo, Christopher Davis, Steven Check",5,5,1057385000,5.07,541415,10.89,25.33,Q1 2013,Q4 2025,4.0,multi_manager_favorites,2026-09-03,"Q2 2026, Q1 2026, Q4 2025",3
UNH,United Health Group Inc.,"First Eagle Investment Management, Glenn Greenberg, Duan Yongping, Chase Coleman, Hillman Capital Management, +12 more",5,17,5467811000,1.46,13155341,6.05,24.79,Q1 2009,Q4 2025,13.0,multi_manager_favorites,2026-09-03,"Q2 2026, Q1 2026, Q4 2025",3
TMO,Thermo Fisher Scientific,"Viking Global Investors, First Pacific Advisors, Hillman Capital Management, Arnold Van Den Berg, Mairs & Power Funds, +6 more",5,11,3084625000,2.24,6152515,9.81,24.69,Q1 2017,Q4 2025,10.0,multi_manager_favorites,2026-09-03,"Q2 2026, Q1 2026, Q4 2025",3
KHC,Kraft Heinz Co.,"Mason Hawkins, Lee Ainslie, Bill & Melinda Gates Foundation Trust, Bruce Berkowitz, Warren Buffett, +4 more",5,9,8190189000,2.72,346760173,12.8,24.49,Q1 2013,Q4 2025,6.0,multi_manager_favorites,2026-09-03,"Q2 2026, Q1 2026, Q4 2025",3
PYPL,PayPal Holdings Inc.,"Mason Hawkins, David Einhorn, Norbert Lou, First Pacific Advisors, Francis Chou, +3 more",5,8,437133000,3.01,10123535,10.61,24.08,Q1 2016,Q4 2025,5.0,multi_manager_favorites,2026-09-03,"Q2 2026, Q1 2026, Q4 2025",3
BABA,Alibaba Group Holdings,"David Tepper, Duan Yongping, Bill Nygren, Dennis Hong, Dodge & Cox Funds, +4 more",5,9,1319879000,2.56,13751597,16.92,23.08,Q1 2020,Q4 2025,6.0,multi_manager_favorites,2026-09-03,"Q2 2026, Q1 2026, Q4 2025",3
CAT,Caterpillar Inc.,"Bill & Melinda Gates Foundation Trust, Bill Nygren, Mairs & Power Funds, Dodge & Cox Funds, Thomas Russo, +1 more",5,6,7179422000,3.75,6741875,19.65,22.52,Q1 2009,Q4 2025,0.0,multi_manager_favorites,2026-09-03,"Q2 2026, Q1 2026, Q4 2025",3
CNH,CNH Industrial NV,"Mason Hawkins, David Einhorn, Bill Nygren, First Pacific Advisors, Tweedy Browne",5,5,1056076000,4.45,94040669,17.11,22.26,Q1 2023,Q4 2025,3.0,multi_manager_favorites,2026-09-03,"Q2 2026, Q1 2026, Q4 2025",3
CP,Canadian Pacific Kansas City,"Chris Hohn, Sarah Ketterer, AKO Capital, Thomas Gayner, William Von Mueffling, +1 more",5,6,4744031000,3.57,54766096,7.44,21.41,Q1 2012,Q4 2025,5.0,multi_manager_favorites,2026-09-03,"Q2 2026, Q1 2026, Q4 2025",3
LYV,Live Nation Inc.,"Mason Hawkins, Daniel Loeb, ValueAct Capital, Pat Dorsey, Dodge & Cox Funds, +3 more",5,8,571437000,2.63,3120724,7.69,21.06,Q1 2014,Q4 2025,6.0,multi_manager_favorites,2026-09-03,"Q2 2026, Q1 2026, Q4 2025",3
GM,General Motors,"Viking Global Investors, Bill Nygren, Prem Watsa, Samantha McLemore, Harry Burn, +2 more",5,7,2556109000,2.99,33161858,11.46,20.91,Q1 2011,Q4 2025,3.0,multi_manager_favorites,2026-09-03,"Q2 2026, Q1 2026, Q4 2025",3
BKNG,Booking Holdings Inc.,"First Eagle Investment Management, David Rolfe, Bill Nygren, Francois Rochon, Pat Dorsey, +1 more",5,6,5954724000,3.45,33408462,8.46,20.7,Q1 2018,Q4 2025,6.0,multi_manager_favorites,2026-09-03,"Q2 2026, Q1 2026, Q4 2025",3
NFLX,Netflix Inc.,"Bill Ackman, Christopher Bloomstran, Bill Nygren, First Pacific Advisors, Josh Tarasoff, +6 more",5,11,2667183000,1.85,37355486,5.41,20.32,Q1 2014,Q4 2025,11.0,multi_manager_favorites,2026-09-03,"Q2 2026, Q1 2026, Q4 2025",3
