ticker,company_name,total_recent_managers,new_managers_count,recent_buy_activities,emergence_score,new_managers,total_managers,new_manager_names,_analysis_type,_generated,_periods,_window_quarters
MSFT,Microsoft Corp.,46,9,77,693,"SP, pcm, MPF, psc, FE, RC, PIM, mc, SA",50,"Dennis Hong, Polen Capital Management, Mairs & Power Funds, Bill Ackman, First Eagle Investment M...",theme_emergence_detection,2026-10-01,"Q2 2026, Q1 2026, Q4 2025, Q3 2025, Q2 2025",5
AMZN,Amazon.com Inc.,36,9,69,621,"SP, pcm, MPF, VAN, GR, psc, SSHFX, JIM, mc",45,"Dennis Hong, Polen Capital Management, Mairs & Power Funds, Arnold Van Den Berg, Thomas Russo, Bi...",theme_emergence_detection,2026-10-01,"Q2 2026, Q1 2026, Q4 2025, Q3 2025, Q2 2025",5
UNH,United Health Group Inc.,29,11,50,550,"SAM, BRK, pcm, MPF, YAM, TB, FE, CAU, PTNT, HH, CHE",37,"Michael Burry, Warren Buffett, Polen Capital Management, Mairs & Power Funds, Yacktman Asset Mana...",theme_emergence_detection,2026-10-01,"Q2 2026, Q1 2026, Q4 2025, Q3 2025, Q2 2025",5
META,Meta Platforms Inc.,35,9,57,513,"pcm, MPF, psc, DAC, FE, CAS, JIM, CHE, mc",45,"Polen Capital Management, Mairs & Power Funds, Bill Ackman, Dodge & Cox Funds, First Eagle Invest...",theme_emergence_detection,2026-10-01,"Q2 2026, Q1 2026, Q4 2025, Q3 2025, Q2 2025",5
NVDA,NVIDIA Corp.,22,11,39,429,"pcm, MPF, VAN, WIM, DAC, PIM, KB, JIM, DAV, EC, mc",25,"Polen Capital Management, Mairs & Power Funds, Arnold Van Den Berg, Wallace Weitz, Dodge & Cox Fu...",theme_emergence_detection,2026-10-01,"Q2 2026, Q1 2026, Q4 2025, Q3 2025, Q2 2025",5
DIS,Walt Disney Co.,24,8,44,352,"FPA, vg, MPF, SE, TB, FE, mc, AI",35,"First Pacific Advisors, Viking Global Investors, Mairs & Power Funds, Mason Hawkins, Tweedy Brown...",theme_emergence_detection,2026-10-01,"Q2 2026, Q1 2026, Q4 2025, Q3 2025, Q2 2025",5
TSM,Taiwan Semiconductor S.A.,26,9,34,306,"pcm, MPF, WIM, DAC, FE, DAV, T, HA, mc",28,"Polen Capital Management, Mairs & Power Funds, Wallace Weitz, Dodge & Cox Funds, First Eagle Inve...",theme_emergence_detection,2026-10-01,"Q2 2026, Q1 2026, Q4 2025, Q3 2025, Q2 2025",5
GOOG,Alphabet Inc. CL C,34,8,33,264,"BRK, pcm, MPF, DAC, FE, KB, mc, SA",45,"Warren Buffett, Polen Capital Management, Mairs & Power Funds, Dodge & Cox Funds, First Eagle Inv...",theme_emergence_detection,2026-10-01,"Q2 2026, Q1 2026, Q4 2025, Q3 2025, Q2 2025",5
GOOGL,Alphabet Inc.,41,6,41,246,"BRK, pcm, MPF, FE, PIM, mc",47,"Warren Buffett, Polen Capital Management, Mairs & Power Funds, First Eagle Investment Management,...",theme_emergence_detection,2026-10-01,"Q2 2026, Q1 2026, Q4 2025, Q3 2025, Q2 2025",5
AVGO,Broadcom Inc.,15,9,26,234,"pcm, MPF, DAC, tp, CAU, JIM, LPC, mc, HA",18,"Polen Capital Management, Mairs & Power Funds, Dodge & Cox Funds, Daniel Loeb, Sarah Ketterer, Je...",theme_emergence_detection,2026-10-01,"Q2 2026, Q1 2026, Q4 2025, Q3 2025, Q2 2025",5
FISV,Fiserv Inc.,18,6,37,222,"MPF, HCM, FE, PC, AM, DAV",24,"Mairs & Power Funds, Hillman Capital Management, First Eagle Investment Management, Norbert Lou, ...",theme_emergence_detection,2026-10-01,"Q2 2026, Q1 2026, Q4 2025, Q3 2025, Q2 2025",5
ADBE,Adobe Inc.,15,8,27,216,"pcm, MPF, PIM, PTNT, DAV, mc, MKL, HA",29,"Polen Capital Management, Mairs & Power Funds, Richard Pzena, Samantha McLemore, Christopher Davi...",theme_emergence_detection,2026-10-01,"Q2 2026, Q1 2026, Q4 2025, Q3 2025, Q2 2025",5
INTU,Intuit Inc.,20,9,22,198,"FPA, pcm, VAN, HCM, YAM, PIM, T, HA, mc",22,"First Pacific Advisors, Polen Capital Management, Arnold Van Den Berg, Hillman Capital Management...",theme_emergence_detection,2026-10-01,"Q2 2026, Q1 2026, Q4 2025, Q3 2025, Q2 2025",5
V,Visa Inc.,30,4,48,192,"MPF, mc, pcm, BAUPOST",35,"Mairs & Power Funds, Lee Ainslie, Polen Capital Management, Seth Klarman",theme_emergence_detection,2026-10-01,"Q2 2026, Q1 2026, Q4 2025, Q3 2025, Q2 2025",5
SUNB,Sunbelt Rentals Holdings Inc,12,12,15,180,"DA, AKO, GR, ABI, CCM, DAC, FE, RC, GC, MKL, HA, SA",12,"Pat Dorsey, AKO Capital, Thomas Russo, Abrams Bison Investments, Glenn Greenberg, Dodge & Cox Fun...",theme_emergence_detection,2026-10-01,"Q2 2026, Q1 2026, Q4 2025, Q3 2025, Q2 2025",5
MELI,Mercadolibre Inc.,10,9,19,171,"SAM, pcm, TGM, DAC, LMM, CAU, WIM, mc, MKL",13,"Michael Burry, Polen Capital Management, Chase Coleman, Dodge & Cox Funds, Bill Miller, Sarah Ket...",theme_emergence_detection,2026-10-01,"Q2 2026, Q1 2026, Q4 2025, Q3 2025, Q2 2025",5
BRK.B,Berkshire Hathaway CL B,26,4,40,160,"MPF, aq, ca, FE",33,"Mairs & Power Funds, Guy Spier - Aquamarine Capital, Francis Chou, First Eagle Investment Management",theme_emergence_detection,2026-10-01,"Q2 2026, Q1 2026, Q4 2025, Q3 2025, Q2 2025",5
TMO,Thermo Fisher Scientific,17,5,32,160,"FPA, pcm, MPF, HCM, HA",23,"First Pacific Advisors, Polen Capital Management, Mairs & Power Funds, Hillman Capital Management...",theme_emergence_detection,2026-10-01,"Q2 2026, Q1 2026, Q4 2025, Q3 2025, Q2 2025",5
ICLR,ICON plc,11,7,22,154,"cc, pcm, GA, SSHFX, MUHL, mc, HA",12,"William Von Mueffling, Polen Capital Management, Greenhaven Associates, Harry Burn, Muhlenkamp, L...",theme_emergence_detection,2026-10-01,"Q2 2026, Q1 2026, Q4 2025, Q3 2025, Q2 2025",5
ACN,Accenture,13,8,19,152,"pcm, MPF, HCM, FE, GA, RC, PIM, HA",15,"Polen Capital Management, Mairs & Power Funds, Hillman Capital Management, First Eagle Investment...",theme_emergence_detection,2026-10-01,"Q2 2026, Q1 2026, Q4 2025, Q3 2025, Q2 2025",5
FERG,Ferguson Enterprises Inc.,12,5,29,145,"FE, RC, WIM, EC, mc",16,"First Eagle Investment Management, Ruane Cunniff LP, Wallace Weitz, John Armitage, Lee Ainslie",theme_emergence_detection,2026-10-01,"Q2 2026, Q1 2026, Q4 2025, Q3 2025, Q2 2025",5
UNP,Union Pacific,12,6,23,138,"vg, MPF, tp, mc, MKL, HA",16,"Viking Global Investors, Mairs & Power Funds, Daniel Loeb, Lee Ainslie, Thomas Gayner, Bill Nygren",theme_emergence_detection,2026-10-01,"Q2 2026, Q1 2026, Q4 2025, Q3 2025, Q2 2025",5
AMAT,Applied Materials,15,7,19,133,"MAVFX, MPF, PIM, LPC, mc, MKL, HA",18,"David Katz, Mairs & Power Funds, Richard Pzena, Stephen Mandel, Lee Ainslie, Thomas Gayner, Bill ...",theme_emergence_detection,2026-10-01,"Q2 2026, Q1 2026, Q4 2025, Q3 2025, Q2 2025",5
DHR,Danaher Corp.,13,6,22,132,"FPA, MAVFX, MPF, TGM, DAC, mc",18,"First Pacific Advisors, David Katz, Mairs & Power Funds, Chase Coleman, Dodge & Cox Funds, Lee Ai...",theme_emergence_detection,2026-10-01,"Q2 2026, Q1 2026, Q4 2025, Q3 2025, Q2 2025",5
UPS,United Parcel Service,10,8,15,120,"fairx, MPF, VAN, HCM, TB, SSHFX, LMM, mc",14,"Bruce Berkowitz, Mairs & Power Funds, Arnold Van Den Berg, Hillman Capital Management, Tweedy Bro...",theme_emergence_detection,2026-10-01,"Q2 2026, Q1 2026, Q4 2025, Q3 2025, Q2 2025",5
