period,total_actions,unique_managers,unique_stocks,buy_actions,sell_actions,add_actions,reduce_actions,net_activity,year,_analysis_type,_generated,_periods,_window_quarters
Q1 2007,11,1,11,4,1,6,0,9,2007,quarterly_activity_timeline,2026-08-01,Q1 2007 to Q2 2026,78
Q2 2007,13,1,13,2,3,8,2,7,2007,quarterly_activity_timeline,2026-08-01,Q1 2007 to Q2 2026,78
Q3 2007,43,3,42,10,10,23,5,23,2007,quarterly_activity_timeline,2026-08-01,Q1 2007 to Q2 2026,78
Q4 2007,50,3,48,4,22,24,5,6,2007,quarterly_activity_timeline,2026-08-01,Q1 2007 to Q2 2026,78
Q1 2008,39,3,38,9,14,16,7,11,2008,quarterly_activity_timeline,2026-08-01,Q1 2007 to Q2 2026,78
Q2 2008,42,3,41,11,13,18,11,16,2008,quarterly_activity_timeline,2026-08-01,Q1 2007 to Q2 2026,78
Q3 2008,52,3,51,12,17,23,12,18,2008,quarterly_activity_timeline,2026-08-01,Q1 2007 to Q2 2026,78
Q4 2008,76,3,74,14,38,24,10,0,2008,quarterly_activity_timeline,2026-08-01,Q1 2007 to Q2 2026,78
Q1 2009,68,4,64,20,24,24,16,20,2009,quarterly_activity_timeline,2026-08-01,Q1 2007 to Q2 2026,78
Q2 2009,79,4,74,11,52,16,15,-25,2009,quarterly_activity_timeline,2026-08-01,Q1 2007 to Q2 2026,78
Q3 2009,38,4,35,4,14,20,11,10,2009,quarterly_activity_timeline,2026-08-01,Q1 2007 to Q2 2026,78
Q4 2009,51,5,48,8,24,19,17,3,2009,quarterly_activity_timeline,2026-08-01,Q1 2007 to Q2 2026,78
Q1 2010,78,5,74,12,46,20,27,-14,2010,quarterly_activity_timeline,2026-08-01,Q1 2007 to Q2 2026,78
Q2 2010,56,5,50,10,30,16,25,-4,2010,quarterly_activity_timeline,2026-08-01,Q1 2007 to Q2 2026,78
Q3 2010,56,5,52,6,34,16,22,-12,2010,quarterly_activity_timeline,2026-08-01,Q1 2007 to Q2 2026,78
Q4 2010,74,5,69,10,40,24,22,-6,2010,quarterly_activity_timeline,2026-08-01,Q1 2007 to Q2 2026,78
Q1 2011,42,5,39,5,22,15,11,-2,2011,quarterly_activity_timeline,2026-08-01,Q1 2007 to Q2 2026,78
Q2 2011,37,5,32,10,11,16,6,15,2011,quarterly_activity_timeline,2026-08-01,Q1 2007 to Q2 2026,78
Q3 2011,53,5,45,10,26,17,20,1,2011,quarterly_activity_timeline,2026-08-01,Q1 2007 to Q2 2026,78
Q4 2011,60,5,52,9,38,13,21,-16,2011,quarterly_activity_timeline,2026-08-01,Q1 2007 to Q2 2026,78
Q1 2012,65,6,58,8,38,19,22,-11,2012,quarterly_activity_timeline,2026-08-01,Q1 2007 to Q2 2026,78
Q2 2012,86,9,80,12,36,38,24,14,2012,quarterly_activity_timeline,2026-08-01,Q1 2007 to Q2 2026,78
Q3 2012,118,10,106,13,60,45,44,-2,2012,quarterly_activity_timeline,2026-08-01,Q1 2007 to Q2 2026,78
Q4 2012,117,10,107,19,49,49,31,19,2012,quarterly_activity_timeline,2026-08-01,Q1 2007 to Q2 2026,78
Q1 2013,112,11,101,21,52,39,28,8,2013,quarterly_activity_timeline,2026-08-01,Q1 2007 to Q2 2026,78
Q2 2013,131,11,120,23,62,46,38,7,2013,quarterly_activity_timeline,2026-08-01,Q1 2007 to Q2 2026,78
Q3 2013,136,12,121,22,73,41,40,-10,2013,quarterly_activity_timeline,2026-08-01,Q1 2007 to Q2 2026,78
Q4 2013,145,13,129,32,65,48,39,15,2013,quarterly_activity_timeline,2026-08-01,Q1 2007 to Q2 2026,78
Q1 2014,114,12,105,21,48,45,34,18,2014,quarterly_activity_timeline,2026-08-01,Q1 2007 to Q2 2026,78
Q2 2014,125,13,117,22,56,47,36,13,2014,quarterly_activity_timeline,2026-08-01,Q1 2007 to Q2 2026,78
Q3 2014,123,13,113,20,47,56,31,29,2014,quarterly_activity_timeline,2026-08-01,Q1 2007 to Q2 2026,78
Q4 2014,142,13,121,24,56,62,36,30,2014,quarterly_activity_timeline,2026-08-01,Q1 2007 to Q2 2026,78
Q1 2015,129,14,114,16,56,57,33,17,2015,quarterly_activity_timeline,2026-08-01,Q1 2007 to Q2 2026,78
Q2 2015,119,14,113,20,51,48,31,17,2015,quarterly_activity_timeline,2026-08-01,Q1 2007 to Q2 2026,78
Q3 2015,177,14,159,45,64,68,35,49,2015,quarterly_activity_timeline,2026-08-01,Q1 2007 to Q2 2026,78
Q4 2015,155,14,141,20,82,53,50,-9,2015,quarterly_activity_timeline,2026-08-01,Q1 2007 to Q2 2026,78
Q1 2016,173,16,145,27,91,55,49,-9,2016,quarterly_activity_timeline,2026-08-01,Q1 2007 to Q2 2026,78
Q2 2016,152,16,137,32,75,45,47,2,2016,quarterly_activity_timeline,2026-08-01,Q1 2007 to Q2 2026,78
Q3 2016,133,16,126,24,73,36,57,-13,2016,quarterly_activity_timeline,2026-08-01,Q1 2007 to Q2 2026,78
Q4 2016,190,16,172,34,95,61,61,0,2016,quarterly_activity_timeline,2026-08-01,Q1 2007 to Q2 2026,78
Q1 2017,170,17,151,28,81,61,51,8,2017,quarterly_activity_timeline,2026-08-01,Q1 2007 to Q2 2026,78
Q2 2017,169,18,153,27,79,63,52,11,2017,quarterly_activity_timeline,2026-08-01,Q1 2007 to Q2 2026,78
Q3 2017,182,17,166,35,104,43,68,-26,2017,quarterly_activity_timeline,2026-08-01,Q1 2007 to Q2 2026,78
Q4 2017,215,20,180,25,122,68,93,-29,2017,quarterly_activity_timeline,2026-08-01,Q1 2007 to Q2 2026,78
Q1 2018,243,21,198,29,137,77,96,-31,2018,quarterly_activity_timeline,2026-08-01,Q1 2007 to Q2 2026,78
Q2 2018,262,21,214,48,124,90,90,14,2018,quarterly_activity_timeline,2026-08-01,Q1 2007 to Q2 2026,78
Q3 2018,301,23,245,51,176,74,135,-51,2018,quarterly_activity_timeline,2026-08-01,Q1 2007 to Q2 2026,78
Q4 2018,405,27,325,55,221,129,154,-37,2018,quarterly_activity_timeline,2026-08-01,Q1 2007 to Q2 2026,78
Q1 2019,405,30,324,58,195,152,136,15,2019,quarterly_activity_timeline,2026-08-01,Q1 2007 to Q2 2026,78
Q2 2019,500,37,370,69,236,195,182,28,2019,quarterly_activity_timeline,2026-08-01,Q1 2007 to Q2 2026,78
Q3 2019,590,42,418,83,265,242,194,60,2019,quarterly_activity_timeline,2026-08-01,Q1 2007 to Q2 2026,78
Q4 2019,637,42,459,87,360,190,284,-83,2019,quarterly_activity_timeline,2026-08-01,Q1 2007 to Q2 2026,78
Q1 2020,872,46,548,180,422,270,307,28,2020,quarterly_activity_timeline,2026-08-01,Q1 2007 to Q2 2026,78
Q2 2020,799,46,522,129,410,260,278,-21,2020,quarterly_activity_timeline,2026-08-01,Q1 2007 to Q2 2026,78
Q3 2020,776,43,522,122,452,202,356,-128,2020,quarterly_activity_timeline,2026-08-01,Q1 2007 to Q2 2026,78
Q4 2020,865,47,570,132,478,255,378,-91,2020,quarterly_activity_timeline,2026-08-01,Q1 2007 to Q2 2026,78
Q1 2021,1072,47,739,256,513,303,386,46,2021,quarterly_activity_timeline,2026-08-01,Q1 2007 to Q2 2026,78
Q2 2021,1036,47,704,180,549,307,392,-62,2021,quarterly_activity_timeline,2026-08-01,Q1 2007 to Q2 2026,78
Q3 2021,1015,49,697,149,535,331,387,-55,2021,quarterly_activity_timeline,2026-08-01,Q1 2007 to Q2 2026,78
Q4 2021,1117,49,756,146,574,397,375,-31,2021,quarterly_activity_timeline,2026-08-01,Q1 2007 to Q2 2026,78
Q1 2022,1248,51,809,141,686,421,441,-124,2022,quarterly_activity_timeline,2026-08-01,Q1 2007 to Q2 2026,78
Q2 2022,1221,55,747,137,590,494,427,41,2022,quarterly_activity_timeline,2026-08-01,Q1 2007 to Q2 2026,78
Q3 2022,1197,55,760,121,610,466,467,-23,2022,quarterly_activity_timeline,2026-08-01,Q1 2007 to Q2 2026,78
Q4 2022,1365,56,849,136,810,419,599,-255,2022,quarterly_activity_timeline,2026-08-01,Q1 2007 to Q2 2026,78
Q1 2023,1360,56,842,165,765,430,555,-170,2023,quarterly_activity_timeline,2026-08-01,Q1 2007 to Q2 2026,78
Q2 2023,1475,59,878,152,794,529,534,-113,2023,quarterly_activity_timeline,2026-08-01,Q1 2007 to Q2 2026,78
Q3 2023,1498,56,891,185,845,468,636,-192,2023,quarterly_activity_timeline,2026-08-01,Q1 2007 to Q2 2026,78
Q4 2023,1732,63,940,154,973,605,761,-214,2023,quarterly_activity_timeline,2026-08-01,Q1 2007 to Q2 2026,78
Q1 2024,1777,66,989,179,1061,537,853,-345,2024,quarterly_activity_timeline,2026-08-01,Q1 2007 to Q2 2026,78
Q2 2024,2159,75,1065,204,1230,725,1041,-301,2024,quarterly_activity_timeline,2026-08-01,Q1 2007 to Q2 2026,78
Q3 2024,2340,77,1176,208,1355,777,1153,-370,2024,quarterly_activity_timeline,2026-08-01,Q1 2007 to Q2 2026,78
Q4 2024,2722,77,1234,263,1594,865,1378,-466,2024,quarterly_activity_timeline,2026-08-01,Q1 2007 to Q2 2026,78
Q1 2025,2975,80,1289,278,1766,931,1461,-557,2025,quarterly_activity_timeline,2026-08-01,Q1 2007 to Q2 2026,78
Q2 2025,3266,81,1453,513,1577,1176,1334,112,2025,quarterly_activity_timeline,2026-08-01,Q1 2007 to Q2 2026,78
Q3 2025,3815,82,1675,452,2086,1277,1628,-357,2025,quarterly_activity_timeline,2026-08-01,Q1 2007 to Q2 2026,78
Q4 2025,4070,82,1795,440,2346,1284,1901,-622,2025,quarterly_activity_timeline,2026-08-01,Q1 2007 to Q2 2026,78
Q1 2026,4353,81,1856,637,2334,1382,1757,-315,2026,quarterly_activity_timeline,2026-08-01,Q1 2007 to Q2 2026,78
Q2 2026,310,7,240,24,165,121,135,-20,2026,quarterly_activity_timeline,2026-08-01,Q1 2007 to Q2 2026,78
